順位,期間,始まる時間,ルール,段位,pt,ptの変動,レート,1位のプレイヤー,1位の得点,2位のプレイヤー,2位の得点,3位のプレイヤー,3位の得点,4位のプレイヤー,4位の得点,By nodocchi.moe
3位,14分,2024-10-13 21:29,四般東喰赤－,新人,0,0,,sawakako,55.0,みきろっく,6.8,Primmie,-18.0,はちまき,-43.8
2位,6分,2024-10-13 21:45,三般南喰赤－,新人,0,0,,べっしべし,93.2,Primmie,-3.0,T1GA,-90.2,,
1位,15分,2024-10-14 17:25,三般南喰赤－,新人,0,45,,Primmie,50.0,NoName,8.4,琥珀０５,-58.4,,
2位,8分,2024-10-14 17:41,三般南喰赤－,９級,0,0,,825533,71.1,Primmie,0.1,NoName,-71.2,,
1位,10分,2024-10-14 18:35,三般南喰赤－,９級,0,45,,Primmie,73.6,長谷川みい,-16.6,ramenana,-57.0,,
1位,17分,2024-10-15 15:02,三般南喰赤－,８級,0,45,,Primmie,70.2,ヒロG,-15.6,啼きの雀,-54.6,,
3位,15分,2024-10-15 19:48,四般東喰赤－,新人,0,0,,ＩＤ,42.7,kouitu3,9.1,Primmie,-14.9,sensu,-36.9
1位,7分,2024-10-15 20:04,三般南喰赤－,７級,0,45,,Primmie,53.7,Yujiro,1.3,やっぱり西宮,-55.0,,
2位,9分,2024-10-15 22:53,三般南喰赤－,６級,0,0,,duff,77.6,Primmie,-12.1,本物の麻雀,-65.5,,
1位,17分,2024-10-15 23:02,三般南喰赤－,６級,0,45,,Primmie,62.2,キョン八丈,8.3,ラヒリマハサヤ,-70.5,,
1位,10分,2024-10-24 13:52,三般南喰赤－,５級,0,45,,Primmie,40.6,ミラボレアス,-3.8,NoName,-36.8,,
2位,12分,2024-10-24 14:04,三般南喰赤－,５級,45,0,,NoName,55.0,Primmie,-10.7,豆仙人,-44.3,,
1位,18分,2024-10-24 14:17,三般南喰赤－,５級,45,45,,Primmie,41.4,NoName,-2.1,ヤングジジ,-39.3,,
1位,11分,2024-10-26 12:06,三般南喰赤－,４級,0,45,,Primmie,58.9,えびフライ,5.2,NoName,-64.1,,
1位,16分,2024-10-26 22:55,三般南喰赤－,４級,45,45,,Primmie,48.0,NoName,1.5,明太子葉隠れ,-49.5,,
1位,13分,2024-10-26 23:12,三般南喰赤－,３級,0,45,,Primmie,73.9,NoName,-10.7,RiiiiiRi,-63.2,,
2位,15分,2024-10-27 15:07,三般南喰赤－,３級,45,0,,salty37,35.7,Primmie,-4.0,二流雀士,-31.7,,
3位,12分,2024-10-27 15:22,三般南喰赤－,３級,45,0,,00902ro,87.4,NoName,-25.7,Primmie,-61.7,,
1位,13分,2024-10-27 15:35,三般南喰赤－,３級,45,45,,Primmie,37.7,白湯しか勝たん,-4.0,NoName,-33.7,,
1位,18分,2024-10-27 17:46,三般南喰赤－,３級,90,45,,Primmie,50.6,長靴猫,-10.5,kktako,-40.1,,
2位,14分,2024-10-28 15:22,三般南喰赤－,２級,0,0,,Atheist,56.4,Primmie,-17.0,yannbe,-39.4,,
1位,15分,2024-10-29 15:22,四般東喰赤－,新人,0,20,,Primmie,41.2,駄目人間,6.5,tabamiti,-17.9,曼陀羅屋,-29.8
1位,30分,2024-10-29 15:37,三般南喰赤－,２級,0,45,,Primmie,72.8,五月定食,-14.6,Kurobuta,-58.2,,
1位,16分,2024-10-29 19:41,三般南喰赤－,２級,45,45,,Primmie,75.7,百無一勝,-8.0,ヤマガラ,-67.7,,
3位,16分,2024-10-29 22:11,四般東喰赤－,９級,0,0,,やんぴ,45.4,NoName,12.4,Primmie,-9.4,dozitan,-48.4
1位,14分,2024-10-29 22:28,三般南喰赤－,２級,90,45,,Primmie,98.7,NoName,-29.8,出雲の阿国,-68.9,,
1位,13分,2024-10-29 23:09,三上南喰赤－,１級,0,75,,Primmie,57.2,hdgfisj,-10.2,Itarucb,-47.0,,
3位,11分,2024-10-29 23:45,三上南喰赤－,１級,75,-30,,ななこん,36.8,ごめごめclub,-1.9,Primmie,-34.9,,
1位,14分,2024-10-29 23:57,三上南喰赤－,１級,45,75,,Primmie,73.0,indian森林,-10.4,パウダン伯爵,-62.6,,
2位,13分,2024-10-30 13:12,四般東喰赤－,９級,0,10,,別人28号,48.1,Primmie,5.7,関川一也,-20.9,心を安静に,-32.9
1位,16分,2024-10-30 13:26,三上南喰赤－,初段,200,75,,Primmie,53.7,うなぶるー,0.7,kazu8,-54.4,,
3位,20分,2024-10-30 17:37,三上南喰赤－,初段,275,-45,,償却資産,39.5,Uーtadao,-8.5,Primmie,-31.0,,
3位,17分,2024-10-30 17:58,三上南喰赤－,初段,230,-45,,柴犬の刃,45.3,ようぎゅう,-9.0,Primmie,-36.3,,
3位,18分,2024-10-30 20:30,三上南喰赤－,初段,185,-45,,五三五,62.1,つよぴよ,2.7,Primmie,-64.8,,
2位,11分,2024-10-30 20:49,三上南喰赤－,初段,140,0,,ぶっとびmax,58.9,Primmie,2.9,Nevosuke,-61.8,,
3位,10分,2024-10-30 22:34,四般東喰赤－,９級,10,0,,ShizuoF,42.5,Sikke,5.1,Primmie,-17.0,斗亜,-30.6
1位,10分,2024-10-30 22:45,三上南喰赤－,初段,140,75,,Primmie,50.9,HAYABUSA,10.2,かつやすす,-61.1,,
3位,15分,2024-10-30 22:56,四般東喰赤速,９級,10,0,,イカサマは即切る,48.6,音咲絢,7.5,Primmie,-21.1,６月１日,-35.0
1位,13分,2024-10-30 23:12,三上南喰赤－,初段,215,75,,Primmie,45.7,戦闘力5か,-2.0,himama,-43.7,,
3位,10分,2024-10-31 13:30,三上南喰赤－,初段,290,-45,,くまぽん,43.1,大井隆晴,1.2,Primmie,-44.3,,
2位,9分,2024-10-31 13:41,三上南喰赤－,初段,245,0,,ohleee,39.8,Primmie,3.1,みやじゅん,-42.9,,
1位,12分,2024-10-31 13:51,三上南喰赤－,初段,245,75,,Primmie,44.5,AGsolo,-3.9,星霜,-40.6,,
2位,14分,2024-10-31 16:38,三上南喰赤－,初段,320,0,,KingYo92,43.8,Primmie,-8.5,tanukiti,-35.3,,
1位,11分,2024-10-31 16:52,三上南喰赤－,初段,320,75,,Primmie,40.8,喜怒哀楽,2.3,雑、魚が溜めるｗ,-43.1,,
2位,12分,2024-10-31 17:04,三上南喰赤－,初段,395,0,,s.daigo,38.2,Primmie,0.9,ｙｓｔｋ,-39.1,,
2位,19分,2024-10-31 18:56,三上南喰赤－,初段,395,0,,ああきのこ,98.6,Primmie,-35.0,KM006,-63.6,,
3位,20分,2024-10-31 19:16,三上南喰赤－,初段,395,-45,,himama,43.2,てんそば,6.9,Primmie,-50.1,,
2位,13分,2024-10-31 19:36,三上南喰赤－,初段,350,0,,yamada5,44.9,Primmie,4.6,konayuki,-49.5,,
1位,12分,2024-11-01 18:13,四般東喰赤速,９級,10,20,,Primmie,41.0,ゆぴまるこ,6.6,NoName,-15.0,からべら,-32.6
1位,20分,2024-11-01 18:26,三上南喰赤－,初段,350,75,,Primmie,51.3,土佐堀２号,-9.6,グレゴリー青タグ,-41.7,,
1位,12分,2024-11-01 23:33,三上南喰赤－,二段,400,75,,Primmie,38.2,りんぐいね,-1.1,押忍の生き様９,-37.1,,
1位,15分,2024-11-01 23:46,三上南喰赤－,二段,475,75,,Primmie,37.8,hide1229,-4.4,ねねは,-33.4,,
2位,19分,2024-11-02 00:02,三上南喰赤－,二段,550,0,,麻雀は運が十割,59.4,Primmie,-16.8,PIYON,-42.6,,
2位,10分,2024-11-02 21:06,三上南喰赤－,二段,550,0,,ぽてとへ,72.0,Primmie,-2.6,ぬー,-69.4,,
1位,18分,2024-11-02 21:17,三上南喰赤－,二段,550,75,,Primmie,35.9,カヒコン,-2.3,えひめえふしー,-33.6,,
3位,18分,2024-11-02 21:36,三上南喰赤－,二段,625,-60,,karin333,60.3,ドゥーラ,2.5,Primmie,-62.8,,
2位,8分,2024-11-02 21:57,三上南喰赤－,二段,565,0,,ササミ様,79.8,Primmie,-11.1,原点回帰,-68.7,,
1位,14分,2024-11-03 21:53,三上南喰赤－,二段,565,75,,Primmie,47.4,◎グラスワンダー,-4.6,Yo-Kai,-42.8,,
2位,12分,2024-11-03 22:16,三上南喰赤－,二段,640,0,,本田聡,63.8,Primmie,2.8,うーぴん,-66.6,,
2位,18分,2024-11-04 15:31,三上南喰赤－,二段,640,0,,G88895,38.3,Primmie,-7.3,ぱぷる,-31.0,,
3位,7分,2024-11-04 15:50,三上南喰赤－,二段,640,-60,,つもりん,61.3,ヒグマ出没注意,-1.2,Primmie,-60.1,,
3位,8分,2024-11-04 15:58,三上南喰赤－,二段,580,-60,,ようぎゅう,36.1,なかむら,-2.3,Primmie,-33.8,,
3位,6分,2024-11-04 16:07,三上南喰赤－,二段,520,-60,,そんなものはない,60.3,rinnrinn,0.1,Primmie,-60.4,,
3位,16分,2024-11-05 17:36,三上南喰赤－,二段,460,-60,,白又芳,72.1,ohleee,-21.4,Primmie,-50.7,,
3位,15分,2024-11-05 17:54,三上南喰赤－,二段,400,-60,,結晶塔の帝王,74.1,汎用タイマー,-20.3,Primmie,-53.8,,
1位,13分,2024-11-06 23:42,三上南喰赤－,二段,340,75,,Primmie,44.5,おみや丸,-10.6,Johonny,-33.9,,
2位,13分,2024-11-07 17:44,三上南喰赤－,二段,415,0,,出品はむ,43.4,Primmie,-2.7,あんこまき,-40.7,,
1位,15分,2024-11-07 17:58,三上南喰赤－,二段,415,75,,Primmie,44.6,形テン一刀流,-7.9,メンエス大好き,-36.7,,
1位,17分,2024-11-07 20:52,三上南喰赤－,二段,490,75,,Primmie,39.1,Johnny77,-6.8,miyaaaaa,-32.3,,
3位,10分,2024-11-07 21:09,四般東喰赤速,８級,0,0,,純兵衛,42.8,yuko-k,5.2,Primmie,-19.0,ゲイブリエル4,-29.0
3位,10分,2024-11-07 21:20,四般東喰赤速,８級,0,0,,HONEY3,40.0,リーチ一発,8.2,Primmie,-16.6,流し満員,-31.6
3位,20分,2024-11-07 21:31,三上南喰赤－,二段,565,-60,,nasuka,36.7,ちょびひげ,-0.9,Primmie,-35.8,,
1位,20分,2024-11-07 21:52,三上南喰赤－,二段,505,75,,Primmie,58.4,sigeo63,-3.8,mondo911,-54.6,,
3位,8分,2024-11-08 11:23,三上南喰赤－,二段,580,-60,,安全増防爆,61.2,seseiyaa,0.8,Primmie,-62.0,,
3位,14分,2024-11-08 11:31,三上南喰赤－,二段,520,-60,,さなとりうむ,38.9,mm0722,-7.0,Primmie,-31.9,,
2位,16分,2024-11-08 11:46,三上南喰赤－,二段,460,0,,パウダン伯爵,57.0,Primmie,-12.9,BaoE,-44.1,,
2位,24分,2024-11-08 16:26,三上南喰赤－,二段,460,0,,to-kai.,55.5,Primmie,-9.5,しん,-46.0,,
1位,20分,2024-11-08 16:50,三上南喰赤－,二段,460,75,,Primmie,74.9,Gessy,-3.3,ハッピィー,-71.6,,
2位,12分,2024-11-08 23:27,三上南喰赤－,二段,535,0,,こぼし,44.1,Primmie,0.6,ｔｋｓ,-44.7,,
1位,15分,2024-11-08 23:40,三上南喰赤－,二段,535,75,,Primmie,40.6,むこうぶっち,-2.8,ほやめ5117,-37.8,,
2位,11分,2024-11-09 00:45,三上南喰赤－,二段,610,0,,マエショ,44.5,Primmie,-7.8,密売YGK2,-36.7,,
1位,18分,2024-11-09 00:57,三上南喰赤－,二段,610,75,,Primmie,41.9,LEN,-5.4,とくりき,-36.5,,
3位,4分,2024-11-09 01:16,三上南喰赤－,二段,685,-60,,みゆLOVE,54.0,もっしい,9.4,Primmie,-63.4,,
2位,15分,2024-11-09 01:20,三上南喰赤－,二段,625,0,,Candis,56.5,Primmie,-0.3,ぬりかべ,-56.2,,
2位,8分,2024-11-09 01:36,三上南喰赤－,二段,625,0,,江湖侠客,75.2,Primmie,-13.6,KTO,-61.6,,
2位,15分,2024-11-09 01:45,三上南喰赤－,二段,625,0,,ほやめ5117,50.9,Primmie,-6.7,あきさた,-44.2,,
3位,22分,2024-11-09 03:17,三上南喰赤－,二段,625,-60,,h.k.k,48.1,のひ,-3.7,Primmie,-44.4,,
2位,17分,2024-11-09 03:40,三上南喰赤－,二段,565,0,,かがみ愛,47.6,Primmie,11.7,masariko,-59.3,,
3位,16分,2024-11-09 03:58,三上南喰赤－,二段,565,-60,,Arcohol,61.6,転生,-3.0,Primmie,-58.6,,
2位,14分,2024-11-09 04:16,三上南喰赤－,二段,505,0,,TwinBee,37.0,Primmie,0.8,たかぽん69,-37.8,,
3位,12分,2024-11-09 15:42,三上南喰赤－,二段,505,-60,,ふりてんきなぼう,53.6,はっさく太,1.5,Primmie,-55.1,,
1位,5分,2024-11-09 15:55,三上南喰赤－,二段,445,75,,Primmie,71.1,話にならない,-10.1,aka2,-61.0,,
2位,6分,2024-11-09 16:00,三上南喰赤－,二段,520,0,,元気一番,54.4,Primmie,10.1,tanizo,-64.5,,
1位,11分,2024-11-09 16:07,三上南喰赤－,二段,520,75,,Primmie,43.8,KTO,6.8,あきさた,-50.6,,
1位,10分,2024-11-09 16:19,三上南喰赤－,二段,595,75,,Primmie,36.5,^@^,-7.6,Ematics.,-28.9,,
2位,8分,2024-11-09 20:17,三上南喰赤－,二段,670,0,,ゲストアドミラル,70.5,Primmie,-2.6,即づも,-67.9,,
3位,24分,2024-11-09 20:26,三上南喰赤－,二段,670,-60,,masariko,65.1,pachi48,-5.2,Primmie,-59.9,,
1位,10分,2024-11-09 20:51,三上南喰赤－,二段,610,75,,Primmie,64.5,汐花,-11.3,R.ローズ,-53.2,,
2位,12分,2024-11-09 21:01,三上南喰赤－,二段,685,0,,m4yo1,42.1,Primmie,3.4,凌雲の志,-45.5,,
1位,16分,2024-11-09 21:13,三上南喰赤－,二段,685,75,,Primmie,70.1,二盃口チャンタ,-0.7,甲田由申,-69.4,,
1位,10分,2024-11-10 01:02,三上南喰赤－,二段,760,75,,Primmie,57.0,兆ハルソス,2.4,かるら,-59.4,,
2位,11分,2024-11-10 01:12,三上南喰赤－,三段,600,0,,かるら,41.4,Primmie,-6.2,立花部長,-35.2,,
2位,18分,2024-11-10 01:24,三上南喰赤－,三段,600,0,,5513たんろん,69.6,Primmie,-6.2,StaNDarD,-63.4,,
3位,11分,2024-11-10 01:43,三上南喰赤－,三段,600,-75,,19box,38.9,MjRose,-5.6,Primmie,-33.3,,
2位,5分,2024-11-10 01:55,三上南喰赤－,三段,525,0,,mikomiko,72.2,Primmie,-9.1,阿部心臓,-63.1,,
2位,10分,2024-11-10 02:00,三上南喰赤－,三段,525,0,,jaba,54.5,Primmie,-9.7,LOOP,-44.8,,
2位,13分,2024-11-10 02:11,三上南喰赤－,三段,525,0,,天牌,50.0,Primmie,-10.0,全速力フリテンＶ,-40.0,,
1位,20分,2024-11-10 02:25,三上南喰赤－,三段,525,75,,Primmie,52.8,たっつん,-3.5,たかもけ3,-49.3,,
2位,15分,2024-11-10 15:50,三上南喰赤－,三段,600,0,,AMAKOTO,41.8,Primmie,-1.8,様世友無,-40.0,,
2位,13分,2024-11-10 16:07,三上南喰赤－,三段,600,0,,yuehai,52.1,Primmie,-1.3,i505,-50.8,,
3位,15分,2024-11-10 16:20,三上南喰赤－,三段,600,-75,,ロン多牌,58.1,アワジドリーム,4.3,Primmie,-62.4,,
1位,16分,2024-11-10 16:36,三上南喰赤－,三段,525,75,,Primmie,51.2,むしぱん,6.3,ロン多牌,-57.5,,
2位,20分,2024-11-10 16:53,三上南喰赤－,三段,600,0,,地和万歳,72.0,Primmie,-22.3,fantomu,-49.7,,
1位,16分,2024-11-10 17:14,三上南喰赤－,三段,600,75,,Primmie,43.0,大江原圭,-10.4,みく8823,-32.6,,
3位,9分,2024-11-11 00:48,三上南喰赤－,三段,675,-75,,sasho,36.1,よっこのもの。,-8.0,Primmie,-28.1,,
2位,11分,2024-11-11 00:58,三上南喰赤－,三段,600,0,,mosu7290,53.9,Primmie,-15.0,okubon,-38.9,,
1位,10分,2024-11-11 01:10,三上南喰赤－,三段,600,75,,Primmie,52.6,はーちゃん873,-10.8,MMZ,-41.8,,
3位,12分,2024-11-11 01:20,三上南喰赤－,三段,675,-75,,三麻漁業協会,56.2,麻雀きゃべつ,-11.8,Primmie,-44.4,,
1位,13分,2024-11-11 01:33,三上南喰赤－,三段,600,75,,Primmie,39.7,のいきんぐ,1.6,カズシ,-41.3,,
2位,10分,2024-11-11 01:46,三上南喰赤－,三段,675,0,,のいきんぐ,42.9,Primmie,-6.3,288GTO,-36.6,,
1位,14分,2024-11-11 01:56,三上南喰赤－,三段,675,75,,Primmie,56.4,伝説の亀,4.9,Gendy,-61.3,,
1位,9分,2024-11-11 12:50,三上南喰赤－,三段,750,75,,Primmie,47.2,出品はむ,-4.2,キリンん,-43.0,,
2位,8分,2024-11-11 13:00,三上南喰赤－,三段,825,0,,キリンん,57.2,Primmie,13.0,tatu5ro,-70.2,,
3位,11分,2024-11-11 13:09,三上南喰赤－,三段,825,-75,,やま２２,56.3,Hoffy,5.1,Primmie,-61.4,,
2位,14分,2024-11-11 13:21,三上南喰赤－,三段,750,0,,hyoubu,49.9,Primmie,-12.0,ムクホーク,-37.9,,
1位,15分,2024-11-11 15:36,三上南喰赤－,三段,750,75,,Primmie,49.1,立ちバック,1.9,香芋竜王,-51.0,,
2位,24分,2024-11-11 15:53,三上南喰赤－,三段,825,0,,へたのり,60.9,Primmie,-10.5,みやじゅん,-50.4,,
3位,15分,2024-11-11 16:17,三上南喰赤－,三段,825,-75,,Atec2002,42.7,旅人１７４８,-8.6,Primmie,-34.1,,
1位,17分,2024-11-11 16:33,三上南喰赤－,三段,750,75,,Primmie,58.3,おくら１,-14.1,t-bone,-44.2,,
1位,13分,2024-11-11 18:12,三上南喰赤－,三段,825,75,,Primmie,37.3,帰る亭中野周辺,-5.6,大きな千ソ千ソ,-31.7,,
3位,12分,2024-11-11 18:26,三上南喰赤－,三段,900,-75,,トマトん,52.7,くらいむ,-13.9,Primmie,-38.8,,
1位,15分,2024-11-11 18:38,三上南喰赤－,三段,825,75,,Primmie,40.7,深尾巴恵,-9.4,水宮枢,-31.3,,
3位,32分,2024-11-11 18:54,三上南喰赤－,三段,900,-75,,ジョン・劉,81.2,2020,-26.1,Primmie,-55.1,,
3位,11分,2024-11-11 19:27,三上南喰赤－,三段,825,-75,,ドラなな,57.5,No.９,7.2,Primmie,-64.7,,
3位,15分,2024-11-11 19:38,三上南喰赤－,三段,750,-75,,ロン多牌,57.1,さわはち,-12.9,Primmie,-44.2,,
2位,17分,2024-11-11 19:53,四般東喰赤－,８級,0,10,,じぞうや,40.7,Primmie,10.0,エカー,-17.8,いけいけジョニー,-32.9
1位,12分,2024-11-12 01:09,三上南喰赤－,三段,675,75,,Primmie,53.9,[こたろう],-2.9,nanpinjr,-51.0,,
2位,14分,2024-11-12 01:22,三上南喰赤－,三段,750,0,,[こたろう],68.6,Primmie,-23.5,bonbon1,-45.1,,
3位,12分,2024-11-12 01:37,三上南喰赤－,三段,750,-75,,ＶIＮAＳＹＳ,60.1,れもん,-11.5,Primmie,-48.6,,
1位,15分,2024-11-12 01:50,三上南喰赤－,三段,675,75,,Primmie,44.6,阿房鳥,2.9,ぷにた,-47.5,,
1位,13分,2024-11-12 14:51,三上南喰赤－,三段,750,75,,Primmie,54.0,ぐりっそむ,11.4,ボビーとヨピ,-65.4,,
3位,16分,2024-11-12 15:05,三上南喰赤－,三段,825,-75,,やま２２,77.5,丸山泰子,-16.2,Primmie,-61.3,,
3位,14分,2024-11-12 15:22,三上南喰赤－,三段,750,-75,,naopi,45.3,Delano,7.9,Primmie,-53.2,,
2位,13分,2024-11-12 15:37,三上南喰赤－,三段,675,0,,三浦知良,43.3,Primmie,8.3,Pow66613,-51.6,,
1位,18分,2024-11-12 15:51,三上南喰赤－,三段,675,75,,Primmie,45.7,しん,-8.0,taro0209,-37.7,,
1位,12分,2024-11-12 20:16,三上南喰赤－,三段,750,75,,Primmie,39.5,peru3,-0.3,Amx011,-39.2,,
3位,7分,2024-11-12 20:29,三上南喰赤－,三段,825,-75,,こいえ,51.0,nyarrin,10.0,Primmie,-61.0,,
3位,13分,2024-11-12 20:37,三上南喰赤－,三段,750,-75,,muraking,62.9,しんちやん,-20.9,Primmie,-42.0,,
1位,12分,2024-11-12 20:50,三上南喰赤－,三段,675,75,,Primmie,57.2,神田,-13.7,ロン多牌,-43.5,,
1位,23分,2024-11-12 21:59,三上南喰赤－,三段,750,75,,Primmie,86.7,J-KAZU,-23.5,nasuka,-63.2,,
2位,6分,2024-11-12 23:19,三上南喰赤－,三段,825,0,,那覇,62.9,Primmie,3.2,三麻漁業協会,-66.1,,
3位,25分,2024-11-12 23:26,三上南喰赤－,三段,825,-75,,バーバラミント,42.4,おおおばば,4.5,Primmie,-46.9,,
2位,16分,2024-11-12 23:51,三上南喰赤－,三段,750,0,,ババサンサンバ,81.8,Primmie,-21.4,PARIN,-60.4,,
1位,16分,2024-11-13 00:08,三上南喰赤－,三段,750,75,,Primmie,72.5,SiC,-8.7,ミセスの手ほどき,-63.8,,
1位,18分,2024-11-13 00:31,三上南喰赤－,三段,825,75,,Primmie,48.4,キャナル,3.7,ひよこ８３０,-52.1,,
1位,20分,2024-11-13 13:19,三上南喰赤－,三段,900,75,,Primmie,43.0,椏杞,-7.6,ビビちやん,-35.4,,
1位,20分,2024-11-13 15:08,三上南喰赤－,三段,975,75,,Primmie,95.9,しんぷぅ～～,-28.6,イタチ,-67.3,,
2位,9分,2024-11-13 15:31,三上南喰赤－,三段,1050,0,,MEIZIN,41.6,Primmie,-10.6,やんら,-31.0,,
1位,17分,2024-11-13 15:41,三上南喰赤－,三段,1050,75,,Primmie,78.7,narakim,-17.4,N100,-61.3,,
2位,13分,2024-11-13 16:33,三上南喰赤－,三段,1125,0,,TRA,39.7,Primmie,-2.4,1・2の三四郎,-37.3,,
1位,10分,2024-11-13 16:47,三上南喰赤－,三段,1125,75,,Primmie,60.0,しんぷぅ～～,-0.1,May2014,-59.9,,
3位,15分,2024-11-13 17:01,三特南喰赤－,四段,800,-90,1946,運を手繰り寄せる,36.6,何とかなるさ！,-7.6,Primmie,-29.0,,
1位,11分,2024-11-13 17:17,三特南喰赤－,四段,710,105,1925,Primmie,49.1,ガセ男,10.3,たえ,-59.4,,
2位,19分,2024-11-13 17:29,三特南喰赤－,四段,815,0,1947,コケル,36.8,Primmie,-8.1,海ちゃん,-28.7,,
3位,2分,2024-11-13 18:38,三特南喰赤－,四段,815,-90,1947,複読車,80.2,麻雀柳荘,-17.1,Primmie,-63.1,,
1位,22分,2024-11-13 18:41,三特南喰赤－,四段,725,105,1926,Primmie,45.1,かめぱん,-10.0,ブラックパンサー,-35.1,,
2位,14分,2024-11-13 19:03,三特南喰赤－,四段,830,0,1948,riosi,66.2,Primmie,-8.2,とろoo,-58.0,,
3位,6分,2024-11-13 19:18,三特南喰赤－,四段,830,-90,1948,ならず者,64.6,ＥＤＬＰ,-2.6,Primmie,-62.0,,
2位,7分,2024-11-13 19:25,三特南喰赤－,四段,740,0,1928,tsz,49.4,Primmie,12.9,dhoojr,-62.3,,
2位,16分,2024-11-13 19:32,三特南喰赤－,四段,740,0,1929,山本ミクル,37.7,Primmie,-8.4,☆龍☆,-29.3,,
1位,10分,2024-11-13 19:49,三特南喰赤－,四段,740,105,1930,Primmie,42.9,daiseiko,-0.7,☆龍☆,-42.2,,
1位,12分,2024-11-13 22:07,三特南喰赤－,四段,845,105,1951,Primmie,59.1,yumeko,-16.3,AKKIN,-42.8,,
1位,19分,2024-11-13 22:20,三特南喰赤－,四段,950,105,1972,Primmie,50.1,ハイタッチ,-7.4,はーとのエース改,-42.7,,
1位,18分,2024-11-13 22:39,三特南喰赤－,四段,1055,105,1992,Primmie,48.0,孤高の撃墜王,2.1,ハイタッチ,-50.1,,
1位,19分,2024-11-14 01:56,三特南喰赤－,四段,1160,105,2013,Primmie,79.4,Bastole,-10.5,terryhu,-68.9,,
2位,21分,2024-11-14 02:21,三特南喰赤－,四段,1265,0,2033,落光之影,47.5,Primmie,-9.7,やな1031,-37.8,,
3位,15分,2024-11-14 02:44,三特南喰赤－,四段,1265,-90,2033,TS清水2,49.0,sz_w,-3.4,Primmie,-45.6,,
1位,17分,2024-11-14 03:00,三特南喰赤－,四段,1175,105,2012,Primmie,63.0,しらたき春,0.1,ノネーム,-63.1,,
1位,20分,2024-11-14 12:31,三特南喰赤－,四段,1280,105,2032,Primmie,49.4,りょうたあかさか,-10.1,Mon04,-39.3,,
2位,9分,2024-11-14 12:51,三特南喰赤－,四段,1385,0,2052,ぽぽま,62.0,Primmie,-17.8,tt0929,-44.2,,
2位,21分,2024-11-14 13:01,三特南喰赤－,四段,1385,0,2053,Ninja,40.7,Primmie,-9.7,S501S501,-31.0,,
1位,23分,2024-11-14 16:52,三特南喰赤－,四段,1385,105,2053,Primmie,49.2,kotaba,-4.1,いりぞう,-45.1,,
2位,15分,2024-11-14 17:21,三特南喰赤－,四段,1490,0,2071,立直ドラ7,39.7,Primmie,-1.6,サカタワナ,-38.1,,
2位,19分,2024-11-14 17:50,三特南喰赤－,四段,1490,0,2071,咲舞,40.7,Primmie,0.2,火遊び,-40.9,,
1位,9分,2024-11-14 18:10,三特南喰赤－,四段,1490,105,2071,Primmie,52.0,火遊び,-6.0,Enaakin,-46.0,,
2位,12分,2024-11-14 18:20,三特南喰赤－,四段,1595,0,2090,アンヘルス,36.2,Primmie,-8.1,bejo,-28.1,,
2位,20分,2024-11-14 19:56,三特南喰赤－,四段,1595,0,2089,複読車,38.0,Primmie,-7.8,yuki√3,-30.2,,
1位,13分,2024-11-14 20:16,三特南喰赤－,四段,1595,105,2087,Primmie,42.0,kinuga,-4.6,ヴァイ,-37.4,,
1位,,2024-11-14 22:49,三特南喰赤－,五段,1000,105,2106,Primmie,78.0,ゆーみんぱぱ,-5.0,すぐオリる人,-73.0,,
3位,11分,2024-11-14 22:50,三特南喰赤－,五段,1105,-105,2124,ジョセフィーヌ,84.4,すぐオリる人,-18.8,Primmie,-65.6,,
2位,17分,2024-11-14 23:02,三特南喰赤－,五段,1000,0,2104,自動化,78.2,Primmie,-11.9,ホンミン。,-66.3,,
3位,14分,2024-11-14 23:19,三特南喰赤－,五段,1000,-105,2103,李微動,45.1,わにさん。,-9.7,Primmie,-35.4,,
1位,13分,2024-11-14 23:34,三特南喰赤－,五段,895,105,2084,Primmie,53.0,Chetwynd,-8.6,ガーネット,-44.4,,
3位,11分,2024-11-14 23:48,三特南喰赤－,五段,1000,-105,2104,コロタ,55.1,ヒデロック,8.9,Primmie,-64.0,,
2位,12分,2024-11-14 23:59,三特南喰赤－,五段,895,0,2082,mio0622,48.4,Primmie,-11.0,じゅりあな東京,-37.4,,
3位,7分,2024-11-15 00:12,三特南喰赤－,五段,895,-105,2081,YHさん,45.9,喫茶,0.8,Primmie,-46.7,,
3位,14分,2024-11-15 00:20,三特南喰赤－,五段,790,-105,2062,あまあん,44.8,パウダン伯爵,-3.9,Primmie,-40.9,,
3位,23分,2024-11-15 12:30,三特南喰赤－,五段,685,-105,2042,@kiri,59.2,イクユイ,1.3,Primmie,-60.5,,
1位,8分,2024-11-15 12:49,三特南喰赤－,五段,580,105,,Primmie,63.9,ライム♪,-1.0,ぱるお,-62.9,,
2位,13分,2024-11-15 13:14,三特南喰赤－,五段,685,0,2041,あかりろん,41.4,Primmie,1.2,ノース,-42.6,,
2位,16分,2024-11-15 13:28,三特南喰赤－,五段,685,0,2041,杵屋,37.2,Primmie,-7.9,【迅_0510】,-29.3,,
2位,18分,2024-11-15 13:45,三特南喰赤－,五段,685,0,2040,白河雪菜,50.3,Primmie,10.6,木の葉の上忍,-60.9,,
2位,12分,2024-11-15 14:03,三特南喰赤－,五段,685,0,2040,ぱ,42.4,Primmie,2.4,しまうまらいだー,-44.8,,
3位,14分,2024-11-15 16:20,三特南喰赤－,五段,685,-105,2039,いぼ痔治したい,36.1,フーテンの寅次郎,-4.7,Primmie,-31.4,,
2位,8分,2024-11-15 16:35,三特南喰赤－,五段,580,0,2019,1956tetu,54.7,Primmie,0.1,麻生君,-54.8,,
2位,19分,2024-11-15 16:44,三特南喰赤－,五段,580,0,2020,もちのじ,59.8,Primmie,-9.0,きン,-50.8,,
1位,15分,2024-11-15 17:03,三特南喰赤－,五段,580,105,2020,Primmie,37.7,ECNUadm,-1.7,pin1973,-36.0,,
1位,13分,2024-11-15 18:28,三特南喰赤－,五段,685,105,2037,Primmie,49.7,2d-PIV,-8.0,坂崎,-41.7,,
2位,9分,2024-11-15 21:15,三特南喰赤－,五段,790,0,2055,心の戦士мк,43.9,Primmie,-3.1,uk68,-40.8,,
1位,16分,2024-11-15 21:25,三特南喰赤－,五段,790,105,2055,Primmie,48.1,カヒーナムジカ,-13.8,クロミ様,-34.3,,
2位,15分,2024-11-15 22:27,三特南喰赤－,五段,895,0,2072,木の葉の上忍,61.4,Primmie,-19.1,kuwando,-42.3,,
1位,14分,2024-11-15 22:44,三特南喰赤－,五段,895,105,2070,Primmie,43.3,はなすぎさき,-2.2,NINAI,-41.1,,
2位,8分,2024-11-15 23:17,三特南喰赤－,五段,1000,0,2088,Ogingin,46.0,Primmie,-12.7,shunning,-33.3,,
2位,17分,2024-11-15 23:26,三特南喰赤－,五段,1000,0,2087,心はむずかしい,37.2,Primmie,-3.5,運試しくん,-33.7,,
3位,15分,2024-11-15 23:45,三特南喰赤－,五段,1000,-105,2086,やひろん,55.2,Heizo,7.3,Primmie,-62.5,,
2位,19分,2024-11-16 00:00,三特南喰赤－,五段,895,0,2068,駿台予備学校,61.4,Primmie,-0.4,松井,-61.0,,
2位,16分,2024-11-16 00:20,三特南喰赤－,五段,895,0,2066,がげなう,52.4,Primmie,-11.0,もののじ,-41.4,,
2位,7分,2024-11-16 00:36,三特南喰赤－,五段,895,0,2065,大前田希千代,74.4,Primmie,-13.1,りんぐいね,-61.3,,
2位,12分,2024-11-16 12:21,三特南喰赤－,五段,895,0,2063,バウアーY,39.7,Primmie,-0.4,おがわくん,-39.3,,
3位,10分,2024-11-16 12:34,三特南喰赤－,五段,895,-105,2062,虫けら,39.4,びちょびちょの家,-9.0,Primmie,-30.4,,
3位,14分,2024-11-16 12:45,三特南喰赤－,五段,790,-105,2045,白河雪菜,45.2,たてぞう,-3.5,Primmie,-41.7,,
1位,23分,2024-11-16 13:00,三特南喰赤－,五段,685,105,2027,Primmie,53.1,へも,-3.4,nakata77,-49.7,,
3位,26分,2024-11-16 20:57,三特南喰赤－,五段,790,-105,2043,アリス01,61.2,おいらでやんす,-4.9,Primmie,-56.3,,
1位,16分,2024-11-16 21:25,三特南喰赤－,五段,685,105,2026,Primmie,62.3,99.9s,-0.4,もぬもふ11,-61.9,,
3位,19分,2024-11-16 21:41,三特南喰赤－,五段,790,-105,2043,塩屋のボギー2,102.2,もぬもふ11,-37.2,Primmie,-65.0,,
2位,10分,2024-11-16 22:01,三特南喰赤－,五段,685,0,2025,motomac,47.8,Primmie,-10.9,さくちゃんさん,-36.9,,
3位,13分,2024-11-16 22:11,三特南喰赤－,五段,685,-105,2025,motomac,52.8,decoy将軍,-4.8,Primmie,-48.0,,
3位,12分,2024-11-16 22:24,三特南喰赤－,五段,580,-105,2025,東商紀穂,56.0,ヨウイチ625,-15.6,Primmie,-40.4,,
3位,10分,2024-11-16 22:37,三特南喰赤－,五段,475,-105,1991,StSt,52.3,増税クンメガネ,-7.2,Primmie,-45.1,,
1位,16分,2024-11-16 22:47,三特南喰赤－,五段,370,105,1974,Primmie,48.9,東風の獅子丸,13.5,坂崎,-62.4,,
3位,13分,2024-11-17 15:46,三特南喰赤－,五段,475,-105,1991,hatena,49.4,葉琥珀,-4.4,Primmie,-45.0,,
2位,18分,2024-11-17 16:00,三特南喰赤－,五段,370,0,1974,maekyon,65.8,Primmie,-14.5,JEDI,-51.3,,
1位,14分,2024-11-17 16:18,三特南喰赤－,五段,370,105,1975,Primmie,39.6,火遊び,-5.7,麻雀教室,-33.9,,
2位,14分,2024-11-17 20:38,三特南喰赤－,五段,475,0,1992,ガジガジ,36.6,Primmie,1.0,もぬもふ11,-37.6,,
3位,13分,2024-11-17 20:53,三特南喰赤－,五段,475,-105,1992,ヨレヨレボシ,73.2,suicsuic,-6.3,Primmie,-66.9,,
1位,16分,2024-11-17 21:03,三特南喰赤－,五段,370,105,,Primmie,49.6,YOKOZUNA,3.3,ETBE,-52.9,,
2位,12分,2024-11-17 21:20,三特南喰赤－,五段,475,0,1991,ニャロメ0,51.8,Primmie,-9.2,ピンズ三兄弟,-42.6,,
1位,9分,2024-11-17 21:33,三特南喰赤－,五段,475,105,1991,Primmie,39.8,SoreRon8,-0.7,黒井すぺえど,-39.1,,
3位,8分,2024-11-17 21:42,三特南喰赤－,五段,580,-105,2008,北海の鷹,57.9,こんちにはー,5.5,Primmie,-63.4,,
2位,12分,2024-11-17 21:51,三特南喰赤－,五段,475,0,1991,やっち,57.8,Primmie,6.2,かずまーてぃん,-64.0,,
2位,13分,2024-11-17 22:04,三特南喰赤－,五段,475,0,1990,ETBE,64.1,Primmie,-8.0,beck,-56.1,,
1位,15分,2024-11-17 22:17,三特南喰赤－,五段,475,105,1990,Primmie,79.0,ちかのこういち,-16.2,Bastole,-62.8,,
3位,13分,2024-11-17 22:33,三特南喰赤－,五段,580,-105,2007,tomohiro,68.6,GACHIHM,-6.1,Primmie,-62.5,,
2位,9分,2024-11-17 22:46,三特南喰赤－,五段,475,0,2007,藤田靖子プロ,50.9,Primmie,-6.3,無職透明,-44.6,,
1位,9分,2024-11-17 22:56,三特南喰赤－,五段,475,105,1990,Primmie,54.0,不快な外来種,-10.5,naru..,-43.5,,
1位,6分,2024-11-18 14:17,三特南喰赤－,五段,580,105,2006,Primmie,55.4,わたなべふみや,17.0,joker99,-72.4,,
2位,25分,2024-11-18 14:24,三特南喰赤－,五段,685,0,2022,お山の大将,42.3,Primmie,-8.2,トレピカ,-34.1,,
1位,8分,2024-11-18 21:03,三特南喰赤－,五段,685,105,2022,Primmie,64.2,ブラックパンサー,3.6,そーばっと,-67.8,,
1位,13分,2024-11-18 21:12,三特南喰赤－,五段,790,105,2038,Primmie,37.2,ハイタッチ,-7.8,OMS,-29.4,,
2位,19分,2024-11-18 23:30,三特南喰赤－,五段,895,0,2053,我慢ちゃん。,38.9,Primmie,-5.6,gonsuke9,-33.3,,
1位,21分,2024-11-18 23:51,三特南喰赤－,五段,895,105,2053,Primmie,42.2,ビスコンティ,-4.8,いちみとうがらし,-37.4,,
3位,19分,2024-11-19 00:21,三特南喰赤－,五段,1000,-105,2068,とむ@ポピパパ,43.2,keirow7,-9.4,Primmie,-33.8,,
3位,10分,2024-11-19 00:40,三特南喰赤－,五段,895,-105,2051,すぐオリる人,41.1,7310の103,-5.1,Primmie,-36.0,,
1位,17分,2024-11-19 00:52,三特南喰赤－,五段,790,105,2035,Primmie,53.7,NINAI,-4.2,7310の103,-49.5,,
2位,11分,2024-11-19 01:09,三特南喰赤－,五段,895,0,2050,黒帯,41.2,Primmie,3.3,itoyan58,-44.5,,
1位,14分,2024-11-19 01:22,三特南喰赤－,五段,895,105,2049,Primmie,53.8,黒帯,-6.8,sz_w,-47.0,,
3位,11分,2024-11-19 12:52,三特南喰赤－,五段,1000,-105,2064,miyan,43.5,メル朗君,6.9,Primmie,-50.4,,
1位,14分,2024-11-19 13:04,三特南喰赤－,五段,895,105,2048,Primmie,43.8,ホエール,1.8,だみし,-45.6,,
2位,14分,2024-11-19 13:19,三特南喰赤－,五段,1000,0,2064,tetuya44,59.3,Primmie,15.5,黒羽青,-74.8,,
2位,15分,2024-11-19 13:34,三特南喰赤－,五段,1000,0,2063,ベトネーベト,63.3,Primmie,-18.1,けんたくきさ,-45.2,,
3位,11分,2024-11-19 15:21,三特南喰赤－,五段,1000,-105,2063,わたなべふみや,49.3,COZIY,-5.8,Primmie,-43.5,,
1位,20分,2024-11-19 15:33,三特南喰赤－,五段,895,105,2047,Primmie,51.4,tt0929,13.9,トマトピザ,-65.3,,
3位,21分,2024-11-19 15:54,三特南喰赤－,五段,1000,-105,2062,リリパパ,37.0,あーす3,-8.2,Primmie,-28.8,,
3位,18分,2024-11-19 16:16,三特南喰赤－,五段,895,-105,2047,ぐりっそむ,37.2,かわむらちゃん,-6.4,Primmie,-30.8,,
1位,18分,2024-11-19 16:34,三特南喰赤－,五段,790,105,2031,Primmie,64.3,鳴狐,0.0,-chaso-,-64.3,,
2位,11分,2024-11-19 18:24,三特南喰赤－,五段,895,0,2045,kc00097,45.0,Primmie,0.7,安牌牌,-45.7,,
3位,12分,2024-11-19 18:36,三特南喰赤－,五段,895,-105,2045,たんにゃおっ！,36.7,gonsuke9,-5.1,Primmie,-31.6,,
1位,15分,2024-11-19 18:48,三特南喰赤－,五段,790,105,2030,Primmie,41.2,tsz,0.4,えびーな,-41.6,,
1位,10分,2024-11-19 19:04,三特南喰赤－,五段,895,105,2045,Primmie,54.6,おっさんAS,-3.5,Aztecaer,-51.1,,
2位,6分,2024-11-20 15:26,三特南喰赤－,五段,1000,0,2058,C.Web,61.9,Primmie,6.0,ぐりっそむ,-67.9,,
2位,16分,2024-11-20 15:32,三特南喰赤－,五段,1000,0,2056,英語勉強中,43.1,Primmie,-8.7,伏屋,-34.4,,
1位,19分,2024-11-20 15:49,三特南喰赤－,五段,1000,105,2055,Primmie,43.3,ikki,7.5,つむぎぶろっさむ,-50.8,,
3位,14分,2024-11-20 16:09,三特南喰赤－,五段,1105,-105,2070,おまる＠八幡平,59.6,どんどん教信者,-6.1,Primmie,-53.5,,
1位,15分,2024-11-20 16:24,三特南喰赤－,五段,1000,105,2054,Primmie,55.6,メガンテ,17.4,銭闘民族,-73.0,,
3位,12分,2024-11-20 20:25,三特南喰赤－,五段,1105,-105,2068,ちーずなべ,42.9,トッシィ@麻雀,0.7,Primmie,-43.6,,
1位,16分,2024-11-20 20:38,三特南喰赤－,五段,1000,105,2053,Primmie,73.8,KATSUYA,-25.9,1956tetu,-47.9,,
1位,16分,2024-11-20 23:38,三特南喰赤－,五段,1105,105,2067,Primmie,40.3,麻雀神伊達朱里紗,-8.2,HANABI66,-32.1,,
1位,14分,2024-11-20 23:54,三特南喰赤－,五段,1210,105,2080,Primmie,48.4,しゃおら,-5.2,サワガニ,-43.2,,
3位,11分,2024-11-21 00:09,三特南喰赤－,五段,1315,-105,2093,これきよのすけ,62.2,しゃおら,-0.9,Primmie,-61.3,,
1位,15分,2024-11-21 00:20,三特南喰赤－,五段,1210,105,2079,Primmie,61.1,アメソラ,-8.6,scottie0,-52.5,,
1位,10分,2024-11-21 00:36,三特南喰赤－,五段,1315,105,2091,Primmie,43.5,だってドラだもん,-1.4,sqjlnh,-42.1,,
2位,22分,2024-11-21 00:47,三特南喰赤－,五段,1420,0,2104,しだれやなき,54.0,Primmie,-12.3,kshkr,-41.7,,
1位,15分,2024-11-21 01:09,三特南喰赤－,五段,1420,105,2103,Primmie,38.8,mogu310,-3.7,五等分のガイジ,-35.1,,
2位,16分,2024-11-21 13:41,三特南喰赤－,五段,1525,0,2116,速水凛香,51.0,Primmie,-9.3,ゆりかご（三麻）,-41.7,,
1位,16分,2024-11-21 13:59,三特南喰赤－,五段,1525,105,2116,Primmie,47.8,いちみとうがらし,-5.2,Kanavi,-42.6,,
1位,12分,2024-11-21 16:00,三特南喰赤－,五段,1630,105,2128,Primmie,62.5,牌ずりー牌たろー,-14.7,ゆりかご（三麻）,-47.8,,
3位,16分,2024-11-21 16:12,三特南喰赤－,五段,1735,-105,2141,CUKEY,63.4,ほっしー☆★,-14.3,Primmie,-49.1,,
2位,9分,2024-11-21 16:29,三特南喰赤－,五段,1630,0,2127,hibi,42.6,Primmie,-4.3,おったーぬ,-38.3,,
3位,12分,2024-11-21 16:39,三特南喰赤－,五段,1630,-105,2127,強化クラブ+10,36.6,ppcc3,-2.2,Primmie,-34.4,,
1位,20分,2024-11-21 16:52,三特南喰赤－,五段,1525,105,2112,Primmie,63.8,為替プロ,2.4,りころんず,-66.2,,
3位,14分,2024-11-21 20:32,三特南喰赤－,五段,1630,-105,2124,もーえーやろ,49.2,りころんず,11.4,Primmie,-60.6,,
1位,13分,2024-11-21 20:46,三特南喰赤－,五段,1525,105,2109,Primmie,54.7,Lemon雷夢,-16.5,cero.,-38.2,,
2位,11分,2024-11-21 21:00,三特南喰赤－,五段,1630,0,2121,choisama,48.6,Primmie,13.6,tanizo,-62.2,,
3位,14分,2024-11-21 21:12,三特南喰赤－,五段,1630,-105,2120,そーばっと,43.6,tanizo,-1.2,Primmie,-42.4,,
2位,16分,2024-11-21 21:27,三特南喰赤－,五段,1525,0,2105,じゅりあな東京,59.4,Primmie,2.3,かるてら,-61.7,,
2位,8分,2024-11-21 21:43,三特南喰赤－,五段,1525,0,2104,VU100,50.0,Primmie,0.0,タンダイ,-50.0,,
2位,18分,2024-11-21 21:59,三特南喰赤－,五段,1525,0,2103,長谷川平蔵宣以,83.9,Primmie,-15.5,瑞原明奈マジ無理,-68.4,,
3位,12分,2024-11-21 22:17,三特南喰赤－,五段,1525,-105,2101,タカギシゲル,86.4,メンヘラななこ,-9.1,Primmie,-77.3,,
2位,14分,2024-11-21 22:31,三特南喰赤－,五段,1420,0,2088,ショウタオオツカ,79.1,Primmie,-14.1,ジュリ～♪,-65.0,,
3位,12分,2024-11-21 22:45,三特南喰赤－,五段,1420,-105,2088,HANABI66,41.4,yuki-mjr,-7.3,Primmie,-34.1,,
2位,15分,2024-11-21 22:58,三特南喰赤－,五段,1315,0,2075,abstract,65.4,Primmie,0.4,ko_ta_,-65.8,,
1位,19分,2024-11-22 12:38,三特南喰赤－,五段,1315,105,2075,Primmie,70.0,ガシガシ0203,-24.9,YANYAN,-45.1,,
3位,12分,2024-11-22 13:00,三特南喰赤－,五段,1420,-105,2087,scottie0,53.1,行政代執行,-9.3,Primmie,-43.8,,
1位,15分,2024-11-22 13:13,三特南喰赤－,五段,1315,105,2073,Primmie,44.8,漫才麻将呆呆,0.7,なおぞ,-45.5,,
2位,12分,2024-11-22 13:29,三特南喰赤－,五段,1420,0,2085,jijijij,70.0,Primmie,-3.0,kotaba,-67.0,,
3位,9分,2024-11-22 13:42,三特南喰赤－,五段,1420,-105,2084,ねすみこぞう,79.8,てんぷらMILK,-12.1,Primmie,-67.7,,
1位,15分,2024-11-22 13:53,三特南喰赤－,五段,1315,105,2071,Primmie,37.4,ざわ.,-7.1,Sakura_,-30.3,,
3位,17分,2024-11-22 20:01,三特南喰赤－,五段,1420,-105,2083,ko_ta_,46.9,ban-taka,-12.1,Primmie,-34.8,,
1位,12分,2024-11-23 14:13,三特南喰赤－,五段,1315,105,2071,Primmie,40.1,みちるん,2.7,セブン!!,-42.8,,
1位,11分,2024-11-23 14:26,三特南喰赤－,五段,1420,105,2082,Primmie,72.6,藤健,-11.8,強力粉の使い道,-60.8,,
1位,11分,2024-11-23 14:38,三特南喰赤－,五段,1525,105,2092,Primmie,56.1,TKG,-15.1,kuwando,-41.0,,
2位,17分,2024-11-23 16:04,三特南喰赤－,五段,1630,0,2103,フレフレ,45.9,Primmie,-5.5,x4x,-40.4,,
2位,7分,2024-11-23 16:23,三特南喰赤－,五段,1630,0,2102,ハゲタコ24世,55.2,Primmie,11.7,ひでお19,-66.9,,
2位,16分,2024-11-23 16:30,三特南喰赤－,五段,1630,0,2101,ひでお19,43.6,Primmie,-3.8,行政代執行,-39.8,,
1位,18分,2024-11-23 19:04,三特南喰赤－,五段,1630,105,2100,Primmie,52.5,麻雀神伊達朱里紗,-9.6,どらお,-42.9,,
3位,11分,2024-11-23 19:22,三特南喰赤－,五段,1735,-105,2111,うどんやき,60.3,ONOFF,8.6,Primmie,-68.9,,
1位,16分,2024-11-23 19:35,三特南喰赤－,五段,1630,105,2098,Primmie,40.5,腹回り,-5.7,doreddo,-34.8,,
2位,22分,2024-11-23 19:57,三特南喰赤－,五段,1735,0,2110,仁尾智,61.0,Primmie,-11.2,ban-taka,-49.8,,
2位,13分,2024-11-23 20:20,三特南喰赤－,五段,1735,0,2109,scschan,44.2,Primmie,-5.4,お餅もちもち,-38.8,,
2位,15分,2024-11-23 20:33,三特南喰赤－,五段,1735,0,2109,統合作戦本部,65.6,Primmie,-10.1,いなしん。,-55.5,,
2位,11分,2024-11-23 22:12,三特南喰赤－,五段,1735,0,2109,まーにゃん3,46.7,Primmie,-11.0,もぬもふ11,-35.7,,
3位,10分,2024-11-23 22:24,三特南喰赤－,五段,1735,-105,2109,くまりん19,41.2,164564,-10.2,Primmie,-31.0,,
2位,23分,2024-11-23 22:35,三特南喰赤－,五段,1630,0,2097,うどんやき,42.4,Primmie,-9.2,おりす,-33.2,,
2位,17分,2024-11-24 22:42,三特南喰赤－,五段,1630,0,2096,真矢だよ！！,59.5,Primmie,-12.1,メンヘラななこ,-47.4,,
3位,23分,2024-11-24 23:00,三特南喰赤－,五段,1630,-105,2096,ぱりじゃん,40.2,ジョン・つば九郎,0.7,Primmie,-40.9,,
1位,4分,2024-11-24 23:24,三特南喰赤－,五段,1525,105,2084,Primmie,69.4,さてつ,-7.0,ふあいか,-62.4,,
3位,7分,2024-11-25 13:55,三特南喰赤－,五段,1630,-105,2094,＋もなみ♪,60.6,大車輪オトーマス,9.2,Primmie,-69.8,,
3位,13分,2024-11-25 14:04,三特南喰赤－,五段,1525,-105,2082,＋もなみ♪,46.3,luo8,3.1,Primmie,-49.4,,
3位,7分,2024-11-25 14:17,三特南喰赤－,五段,1420,-105,2071,ソレムニティ,82.8,-taichi,-20.3,Primmie,-62.5,,
2位,12分,2024-11-25 14:26,三特南喰赤－,五段,1315,0,2059,さとうとしお,70.3,Primmie,-10.2,rin0428,-60.1,,
3位,6分,2024-11-25 14:39,三特南喰赤－,五段,1315,-105,2059,がーひろ,58.8,harukane,2.2,Primmie,-61.0,,
3位,17分,2024-11-25 14:46,三特南喰赤－,五段,1210,-105,2048,doreddo,74.2,nakata77,-19.1,Primmie,-55.1,,
1位,27分,2024-11-25 15:05,三特南喰赤－,五段,1105,105,2036,Primmie,63.4,五重塔,-1.7,血鬼術、バッケツ,-61.7,,
2位,11分,2024-11-25 23:27,三特南喰赤－,五段,1210,0,2047,コーラパンチ,38.7,Primmie,-6.7,ND10,-32.0,,
2位,13分,2024-11-25 23:39,三特南喰赤－,五段,1210,0,2047,naribu2,42.2,Primmie,-11.0,かずずず,-31.2,,
1位,11分,2024-11-25 23:57,三特南喰赤－,五段,1210,105,2047,Primmie,50.7,こんぽた,-4.9,ごきげんりえた,-45.8,,
1位,12分,2024-11-26 13:44,三特南喰赤－,五段,1315,105,2056,Primmie,39.1,ハサかあ,-8.0,鳴狐,-31.1,,
1位,9分,2024-11-26 13:56,三特南喰赤－,五段,1420,105,2067,Primmie,84.2,やるおDeath,-21.8,yapp1k0,-62.4,,
1位,10分,2024-11-26 14:06,三特南喰赤－,五段,1525,105,2076,Primmie,46.8,ちあす＠オリオン,0.8,牌ずりー牌たろー,-47.6,,
3位,11分,2024-11-26 20:56,三特南喰赤－,五段,1630,-105,2086,老眼士,54.6,ルチカ,0.4,Primmie,-55.0,,
3位,13分,2024-11-26 21:07,三特南喰赤－,五段,1525,-105,2075,ノアさん,37.1,Peru3,-8.0,Primmie,-29.1,,
3位,8分,2024-11-26 21:21,三特南喰赤－,五段,1420,-105,2065,アークK零式,53.8,メルトリリス,7.5,Primmie,-61.3,,
3位,10分,2024-11-26 21:30,三特南喰赤－,五段,1315,-105,2054,じっすべん,53.9,horen,-6.9,Primmie,-47.0,,
2位,11分,2024-11-26 21:41,三特南喰赤－,五段,1210,0,2044,マジカルアイ,64.9,Primmie,7.3,遅えはよ切れ,-72.2,,
1位,13分,2024-11-26 21:56,三特南喰赤－,五段,1210,105,2043,Primmie,49.6,ちゃんぼう2,-11.1,ペロオマ,-38.5,,
1位,12分,2024-11-27 16:51,三特南喰赤－,五段,1315,105,2053,Primmie,69.3,おったーぬ,-14.8,kerotan7,-54.5,,
2位,13分,2024-11-27 17:04,三特南喰赤－,五段,1420,0,2062,きン,61.7,Primmie,-3.9,バブルス44,-57.8,,
1位,10分,2024-11-27 17:18,三特南喰赤－,五段,1420,105,2062,Primmie,41.5,戒めせよ山川穂高,3.4,雨の夕暮れ,-44.9,,
1位,9分,2024-11-27 17:29,三特南喰赤－,五段,1525,105,2072,Primmie,44.1,pms11,-7.7,おったーぬ,-36.4,,
1位,13分,2024-11-27 19:24,三特南喰赤－,五段,1630,105,2081,Primmie,61.1,Five-o,-18.2,ごんし７７７７,-42.9,,
1位,15分,2024-11-27 19:38,三特南喰赤－,五段,1735,105,2090,Primmie,55.8,ＣＡＭＡＲＯ６９,-14.6,HY6107,-41.2,,
1位,18分,2024-11-27 19:59,三特南喰赤－,五段,1840,105,2098,Primmie,45.1,６５％,2.9,ごきげんりえた,-48.0,,
2位,15分,2024-11-27 20:18,三特南喰赤－,五段,1945,0,2107,やんやんやんやん,58.2,Primmie,14.9,くろねこ,-73.1,,
1位,17分,2024-11-27 20:35,三特南喰赤－,五段,1945,105,2107,Primmie,45.5,CHarlie♪,3.1,火遊び,-48.6,,
2位,12分,2024-11-27 21:01,三特南喰赤－,六段,1200,0,2115,杵屋,53.4,Primmie,6.3,苦い待つ,-59.7,,
2位,16分,2024-11-27 22:23,三特南喰赤－,六段,1200,0,2114,maron191,50.4,Primmie,9.8,Hanada,-60.2,,
2位,17分,2024-11-27 22:40,三特南喰赤－,六段,1200,0,2114,ちなつ,48.6,Primmie,-7.2,kkeentaa,-41.4,,
3位,13分,2024-11-28 08:42,三特南喰赤－,六段,1200,-120,2113,坂崎,51.3,プーアル,-3.0,Primmie,-48.3,,
1位,16分,2024-11-28 08:56,三特南喰赤－,六段,1080,105,2103,Primmie,82.9,momisasu,-20.7,ありちゃ,-62.2,,
3位,10分,2024-11-28 13:28,三特南喰赤－,六段,1185,-120,2111,tt0929,75.9,ユートピア,-14.7,Primmie,-61.2,,
1位,10分,2024-11-28 13:39,三特南喰赤－,六段,1065,105,2102,Primmie,60.1,doreddo,7.5,いぼ痔治したい,-67.6,,
1位,14分,2024-11-28 13:50,三特南喰赤－,六段,1170,105,2110,Primmie,38.0,うめのすけ,-6.0,血鬼術、バッケツ,-32.0,,
1位,14分,2024-11-28 16:30,三特南喰赤－,六段,1275,105,2119,Primmie,57.3,ｍｋｔ１２３４５,3.0,たっちゃん炎舞,-60.3,,
1位,14分,2024-11-28 16:47,三特南喰赤－,六段,1380,105,2127,Primmie,37.6,そうかのおう,-2.6,平和を希求する者,-35.0,,
2位,20分,2024-11-28 17:12,三特南喰赤－,六段,1485,0,2135,マロ吉,80.7,Primmie,-19.7,やるおDeath,-61.0,,
1位,18分,2024-11-28 17:32,三特南喰赤－,六段,1485,105,2135,Primmie,69.1,ヤマグ,-9.4,ダマテン親父,-59.7,,
3位,11分,2024-11-28 23:29,三特南喰赤－,六段,1590,-120,2142,枚数小僧,56.2,直進行軍,-1.8,Primmie,-54.4,,
1位,11分,2024-11-28 23:42,三特南喰赤－,六段,1470,105,2133,Primmie,64.0,直進行軍,0.0,ゆたポン,-64.0,,
3位,11分,2024-11-29 14:02,三特南喰赤－,六段,1575,-120,2142,しだれやなき,41.5,や久々,-3.8,Primmie,-37.7,,
3位,8分,2024-11-29 14:14,三特南喰赤－,六段,1455,-120,2133,nori-tk,36.1,ぶんちゃん,-5.7,Primmie,-30.4,,
1位,14分,2024-11-29 14:24,三特南喰赤－,六段,1335,105,2124,Primmie,53.9,タンダイ,-1.2,仁尾智,-52.7,,
2位,8分,2024-11-29 14:38,三特南喰赤－,六段,1440,0,2131,majin,35.0,Primmie,-1.0,ノース,-34.0,,
3位,13分,2024-11-29 14:47,三特南喰赤－,六段,1440,-120,2130,夜中のどんちゃん,54.2,TaKe－,-13.6,Primmie,-40.6,,
3位,11分,2024-11-29 15:02,三特南喰赤－,六段,1320,-120,2122,田中スーザン,58.4,tikitiki,15.6,Primmie,-74.0,,
3位,9分,2024-11-29 15:14,三特南喰赤－,六段,1200,-120,2113,konayuki,53.7,槓理者,-11.2,Primmie,-42.5,,
3位,7分,2024-11-29 15:24,三特南喰赤－,六段,1080,-120,2104,Peru3,90.2,槓理者,-17.0,Primmie,-73.2,,
2位,14分,2024-11-29 15:32,三特南喰赤－,六段,960,0,2095,上海人,42.9,Primmie,-6.8,kingaki,-36.1,,
2位,12分,2024-11-29 15:47,三特南喰赤－,六段,960,0,2095,瑞祥黒松剣菱,44.7,Primmie,1.1,上海人,-45.8,,
2位,6分,2024-11-29 20:05,三特南喰赤－,六段,960,0,2095,腹回り,77.1,Primmie,-9.8,なんか足痛い,-67.3,,
1位,13分,2024-12-01 12:40,三特南喰赤－,六段,960,105,2095,Primmie,57.4,こまキノ,4.9,しゅらる,-62.3,,
2位,14分,2024-12-01 12:54,三特南喰赤－,六段,1065,0,2103,ぽんちかで,40.5,Primmie,-6.9,Silva,-33.6,,
2位,13分,2024-12-01 13:09,三特南喰赤－,六段,1065,0,2102,（＾・ω・＾）,75.8,Primmie,-15.4,Takaaaa,-60.4,,
3位,16分,2024-12-01 13:22,三特南喰赤－,六段,1065,-120,2102,:guest:,42.2,たまご太郎,-9.4,Primmie,-32.8,,
1位,7分,2024-12-01 13:39,三特南喰赤－,六段,945,105,2093,Primmie,35.6,ランたん,-3.9,ムコです,-31.7,,
2位,18分,2024-12-01 15:03,三特南喰赤－,六段,1050,0,2100,エウレカセブン,65.0,Primmie,-10.4,慎平♪,-54.6,,
1位,16分,2024-12-01 15:22,三特南喰赤－,六段,1050,105,2099,Primmie,41.8,luo8,-9.4,ビジャ,-32.4,,
3位,9分,2024-12-01 15:39,三特南喰赤－,六段,1155,-120,2106,Ippashu,40.6,ハサかあ,-8.2,Primmie,-32.4,,
1位,15分,2024-12-01 15:48,三特南喰赤－,六段,1035,105,2099,Primmie,48.3,杵屋,1.8,mikeda,-50.1,,
3位,12分,2024-12-01 17:09,三特南喰赤－,六段,1140,-120,2106,やんやんやんやん,55.6,llkjhh,15.8,Primmie,-71.4,,
2位,17分,2024-12-01 17:22,三特南喰赤－,六段,1020,0,2098,きむりょーーーー,49.8,Primmie,-6.0,zkurt,-43.8,,
1位,17分,2024-12-01 17:40,三特南喰赤－,六段,1020,105,2098,Primmie,45.0,苦い待つ,-1.2,嫌じゃ,-43.8,,
3位,20分,2024-12-01 19:10,三特南喰赤－,六段,1125,-120,2104,わたなべふみや,40.6,sumouman,-9.7,Primmie,-30.9,,
2位,12分,2024-12-01 19:31,三特南喰赤－,六段,1005,0,2097,odemaru,53.8,Primmie,5.0,板っっち,-58.8,,
1位,17分,2024-12-01 20:50,三特南喰赤－,六段,1005,105,2096,Primmie,55.9,杵屋,-12.5,JJS,-43.4,,
3位,10分,2024-12-01 22:25,三特南喰赤－,六段,1110,-120,2103,むらぼー,50.2,ondo,-4.1,Primmie,-46.1,,
3位,15分,2024-12-01 22:35,三特南喰赤－,六段,990,-120,2095,（＾・ω・＾）,36.5,まことまこと,-0.2,Primmie,-36.3,,
2位,10分,2024-12-01 22:51,三特南喰赤－,六段,870,0,2088,adagio,53.9,Primmie,10.6,氷間,-64.5,,
1位,14分,2024-12-01 23:02,三特南喰赤－,六段,870,105,2088,Primmie,46.6,（＾・ω・＾）,-0.6,ささいいん,-46.0,,
2位,26分,2024-12-01 23:17,三特南喰赤－,六段,975,0,2094,コジュニア,56.0,Primmie,-6.6,Moto0530,-49.4,,
3位,20分,2024-12-01 23:43,三特南喰赤－,六段,975,-120,2094,こわくない,65.9,マルス,-20.1,Primmie,-45.8,,
1位,4分,2024-12-02 00:04,三特南喰赤－,六段,855,105,2087,Primmie,76.2,Koishi,-14.0,YANYAN,-62.2,,
1位,16分,2024-12-02 00:09,三特南喰赤－,六段,960,105,2093,Primmie,44.5,白河雪菜,-3.2,砕蜂,-41.3,,
2位,9分,2024-12-02 11:35,三特南喰赤－,六段,1065,0,2100,catworld,43.0,Primmie,1.8,雄二雄二雄,-44.8,,
3位,22分,2024-12-02 11:46,三特南喰赤－,六段,1065,-120,2099,統合作戦本部,53.7,catworld,7.5,Primmie,-61.2,,
1位,11分,2024-12-02 12:02,三特南喰赤－,六段,945,105,,Primmie,44.6,ごきげんりえた,2.9,nomchanZ,-47.5,,
1位,9分,2024-12-02 15:38,三特南喰赤－,六段,1050,105,2098,Primmie,46.6,shanks,5.6,yanrou,-52.2,,
1位,15分,2024-12-02 15:47,三特南喰赤－,六段,1155,105,2104,Primmie,53.0,sara1107,8.9,や久々,-61.9,,
1位,15分,2024-12-02 16:03,三特南喰赤－,六段,1260,105,2110,Primmie,56.7,落光之影,-5.3,Gさん,-51.4,,
3位,16分,2024-12-02 17:17,三特南喰赤－,六段,1365,-120,2116,タンピンイーペー,53.5,六甲OROSHI,-5.2,Primmie,-48.3,,
1位,13分,2024-12-02 17:34,三特南喰赤－,六段,1245,105,2109,Primmie,48.9,トム破壊,1.3,i-sis,-50.2,,
3位,25分,2024-12-02 17:48,三特南喰赤－,六段,1350,-120,2114,特異点,44.3,めんぴん,-2.0,Primmie,-42.3,,
3位,11分,2024-12-02 18:14,三特南喰赤－,六段,1230,-120,2108,めんぴん,85.0,無冠の帝王1,-16.7,Primmie,-68.3,,
1位,18分,2024-12-02 18:23,三特南喰赤－,六段,1110,105,2101,Primmie,43.5,けろくえ,-6.1,kotaba,-37.4,,
3位,18分,2024-12-02 20:42,三特南喰赤－,六段,1215,-120,2107,他力本願寺派,48.2,二浪丸,-3.2,Primmie,-45.0,,
3位,8分,2024-12-02 21:00,三特南喰赤－,六段,1095,-120,2100,めぐやん123,66.3,kotaba,18.9,Primmie,-85.2,,
1位,17分,2024-12-02 21:07,三特南喰赤－,六段,975,105,2094,Primmie,46.6,きしょーご,-6.0,Moto0530,-40.6,,
2位,10分,2024-12-03 16:18,三特南喰赤－,六段,1080,0,2099,ヨレヨレボシ,81.0,Primmie,-19.2,腹回り,-61.8,,
1位,7分,2024-12-03 16:29,三特南喰赤－,六段,1080,105,2099,Primmie,74.3,隠居,-10.8,腹回り,-63.5,,
3位,11分,2024-12-03 16:58,三特南喰赤－,六段,1185,-120,2105,choisama,37.4,中田氏大好き,-6.0,Primmie,-31.4,,
3位,17分,2024-12-03 17:10,三特南喰赤－,六段,1065,-120,2099,ガセ男,68.7,マロ吉,-19.4,Primmie,-49.3,,
2位,14分,2024-12-03 17:28,三特南喰赤－,六段,945,0,2093,誠治,44.1,Primmie,-0.7,マロ吉,-43.4,,
2位,20分,2024-12-03 17:42,三特南喰赤－,六段,945,0,2092,つねにシャボ待ち,51.5,Primmie,6.6,バブー・バイソン,-58.1,,
2位,10分,2024-12-03 18:03,三特南喰赤－,六段,945,0,2092,宮永咲大好き,46.0,Primmie,-8.1,チェーンソー,-37.9,,
3位,23分,2024-12-03 21:41,三特南喰赤－,六段,945,-120,2092,てんそくGOGO,52.0,Dr.こうよう,-12.1,Primmie,-39.9,,
3位,9分,2024-12-03 22:05,三特南喰赤－,六段,825,-120,2085,山本本部長,50.0,さらだせんべい,-4.8,Primmie,-45.2,,
2位,17分,2024-12-03 22:15,三特南喰赤－,六段,705,0,2079,Ogingin,46.5,Primmie,8.6,luo8,-55.1,,
3位,15分,2024-12-04 15:12,三特南喰赤－,六段,705,-120,2078,ネパールの星,45.9,hiro1969,-11.8,Primmie,-34.1,,
3位,5分,2024-12-04 15:27,三特南喰赤－,六段,585,-120,2072,ろろ14,61.2,keanebro,1.9,Primmie,-63.1,,
2位,15分,2024-12-04 15:33,三特南喰赤－,六段,465,0,2066,harukane,43.9,Primmie,-8.1,keanebro,-35.8,,
1位,14分,2024-12-04 15:48,三特南喰赤－,六段,465,105,2065,Primmie,57.2,闇の使徒,10.9,busy,-68.1,,
2位,10分,2024-12-04 16:03,三特南喰赤－,六段,570,0,2072,えりぃとみこ,38.5,Primmie,1.8,busy,-40.3,,
2位,10分,2024-12-04 16:13,三特南喰赤－,六段,570,0,2072,トモソーヤー,55.1,Primmie,0.3,菊田賢治,-55.4,,
1位,12分,2024-12-04 16:25,三特南喰赤－,六段,570,105,2071,Primmie,39.4,苦い待つ,-9.6,JOINT,-29.8,,
3位,15分,2024-12-04 16:38,三特南喰赤－,六段,675,-120,2077,ＣＰＵ（本走）,41.3,瑞祥黒松剣菱,-7.5,Primmie,-33.8,,
1位,10分,2024-12-04 16:54,三特南喰赤－,六段,555,105,2071,Primmie,47.9,絶防状態麻雀,5.6,jijijij,-53.5,,
2位,17分,2024-12-04 17:05,三特南喰赤－,六段,660,0,2077,愛飢男,67.2,Primmie,-19.8,おとなの,-47.4,,
1位,18分,2024-12-04 17:23,三特南喰赤－,六段,660,105,2077,Primmie,47.1,わっこ,-12.5,ピンズ三兄弟,-34.6,,
2位,13分,2024-12-04 18:56,三特南喰赤－,六段,765,0,2082,ヨシオ34☆☆,61.8,Primmie,-16.4,ケイエスミラクル,-45.4,,
2位,9分,2024-12-04 19:10,三特南喰赤－,六段,765,0,2082,W-D,58.0,Primmie,2.7,Decole,-60.7,,
3位,7分,2024-12-04 19:19,三特南喰赤－,六段,765,-120,2082,けーぞえ,62.0,純黒K,1.3,Primmie,-63.3,,
3位,7分,2024-12-04 19:26,三特南喰赤－,六段,645,-120,2075,MARC,60.3,砂吹きん,0.3,Primmie,-60.6,,
1位,12分,2024-12-04 19:34,三特南喰赤－,六段,525,105,2069,Primmie,47.8,NINAI,-2.1,瀬戸熊直輝,-45.7,,
1位,13分,2024-12-04 19:47,三特南喰赤－,六段,630,105,2075,Primmie,43.6,fumipapa,1.4,火遊び,-45.0,,
1位,8分,2024-12-04 22:16,三特南喰赤－,六段,735,105,2081,Primmie,58.9,テンセイ,-14.5,Mゾイ,-44.4,,
1位,7分,2024-12-04 22:25,三特南喰赤－,六段,840,105,2087,Primmie,39.6,今更,-8.2,がんばれシオカリ,-31.4,,
1位,15分,2024-12-04 22:33,三特南喰赤－,六段,945,105,2092,Primmie,45.1,omi,-6.3,1956tetu,-38.8,,
3位,3分,2024-12-04 22:49,三特南喰赤－,六段,1050,-120,2098,bvista,52.4,ATTAN,10.9,Primmie,-63.3,,
2位,14分,2024-12-04 22:53,三特南喰赤－,六段,930,0,2092,ばど,48.6,Primmie,-1.8,K.husky,-46.8,,
1位,9分,2024-12-04 23:08,三特南喰赤－,六段,930,105,2091,Primmie,68.0,luo8,-6.8,東風の獅子丸,-61.2,,
3位,18分,2024-12-04 23:18,三特南喰赤－,六段,1035,-120,2097,aki39,46.0,ys0820,-6.4,Primmie,-39.6,,
2位,15分,2024-12-04 23:36,三特南喰赤－,六段,915,0,2091,snake,51.1,Primmie,7.0,塩屋のボギー2,-58.1,,
3位,13分,2024-12-04 23:52,三特南喰赤－,六段,915,-120,2090,誠治,42.0,AZAK,-3.7,Primmie,-38.3,,
1位,13分,2024-12-05 00:06,三特南喰赤－,六段,795,105,2084,Primmie,44.8,新サザエ,-8.8,こわくない,-36.0,,
2位,13分,2024-12-05 00:19,三特南喰赤－,六段,900,0,2089,こいほー,49.2,Primmie,0.0,品井全津,-49.2,,
1位,26分,2024-12-05 00:33,三特南喰赤－,六段,900,105,2089,Primmie,62.6,キャタピラ4号,-20.9,塾考,-41.7,,
1位,16分,2024-12-05 12:56,三特南喰赤－,六段,1005,105,2095,Primmie,43.5,TUV,4.6,ピンズ三兄弟,-48.1,,
1位,15分,2024-12-05 13:13,三特南喰赤－,六段,1110,105,2100,Primmie,41.2,sara1107,1.0,hiro1225,-42.2,,
1位,11分,2024-12-05 19:38,三特南喰赤－,六段,1215,105,2106,Primmie,57.9,パイセン130,4.8,為替プロ,-62.7,,
2位,17分,2024-12-05 19:50,三特南喰赤－,六段,1320,0,2111,山本本部長,37.6,Primmie,-5.2,susuzu,-32.4,,
2位,16分,2024-12-05 20:07,三特南喰赤－,六段,1320,0,2111,りころんず,43.0,Primmie,6.9,雀ボー525,-49.9,,
3位,16分,2024-12-05 20:23,三特南喰赤－,六段,1320,-120,2111,十三の竜ちゃん,54.5,fumipapa,-14.6,Primmie,-39.9,,
3位,14分,2024-12-05 20:40,三特南喰赤－,六段,1200,-120,2104,『汐入玖々里』,52.0,TOR,-9.6,Primmie,-42.4,,
3位,21分,2024-12-05 20:56,三特南喰赤－,六段,1080,-120,2098,世にも奇妙な物語,87.4,CKN,-13.3,Primmie,-74.1,,
1位,12分,2024-12-05 21:18,三特南喰赤－,六段,960,105,2091,Primmie,60.6,うりん,-11.3,sshh0525,-49.3,,
1位,10分,2024-12-05 23:43,三特南喰赤－,六段,1065,105,2097,Primmie,44.0,うに食べたい,3.0,samesame,-47.0,,
3位,8分,2024-12-05 23:53,三特南喰赤－,六段,1170,-120,2103,Kido7500,71.2,うちのいぬ,-10.2,Primmie,-61.0,,
3位,9分,2024-12-06 00:02,三特南喰赤－,六段,1050,-120,2096,がんばれシオカリ,59.4,ちりめんじゃこ,3.6,Primmie,-63.0,,
2位,17分,2024-12-06 00:10,三特南喰赤－,六段,930,0,2090,ハイタッチ,51.5,Primmie,-1.1,クライムバレエ,-50.4,,
2位,17分,2024-12-06 00:28,三特南喰赤－,六段,930,0,2090,盗れ盆アゲイン,46.4,Primmie,-12.1,こいほー,-34.3,,
1位,12分,2024-12-06 00:45,三特南喰赤－,六段,930,105,2089,Primmie,49.6,JOINT,11.3,s.f.,-60.9,,
2位,11分,2024-12-06 00:58,三特南喰赤－,六段,1035,0,2095,タツヨシ,58.6,Primmie,12.7,白河雪菜,-71.3,,
2位,19分,2024-12-06 01:09,三特南喰赤－,六段,1035,0,2095,しらたき春,51.2,Primmie,-13.4,ハコワレさん太郎,-37.8,,
1位,14分,2024-12-06 12:38,三特南喰赤－,六段,1035,105,2094,Primmie,47.9,volcano,-8.7,かめぱん,-39.2,,
3位,28分,2024-12-06 12:53,三特南喰赤－,六段,1140,-120,2100,HSD,36.7,ピンズ三兄弟,-1.1,Primmie,-35.6,,
1位,9分,2024-12-06 13:21,三特南喰赤－,六段,1020,105,2094,Primmie,41.3,おd,6.2,すないぱあ,-47.5,,
1位,18分,2024-12-06 13:31,三特南喰赤－,六段,1125,105,2099,Primmie,41.6,一六三二,6.0,BUMP,-47.6,,
1位,12分,2024-12-06 20:25,三特南喰赤－,六段,1230,105,2105,Primmie,40.6,ヨシオ34☆☆,-9.0,かめぱん,-31.6,,
2位,18分,2024-12-06 20:38,三特南喰赤－,六段,1335,0,2110,瑞祥黒松剣菱,44.1,Primmie,7.1,ろろ14,-51.2,,
2位,13分,2024-12-06 20:57,三特南喰赤－,六段,1335,0,2110,深尾巴恵,53.6,Primmie,-11.8,はやつめ,-41.8,,
1位,21分,2024-12-06 21:11,三特南喰赤－,六段,1335,105,2110,Primmie,51.4,リーチ麻雀まける,-10.2,逆転３ラン,-41.2,,
2位,16分,2024-12-06 23:04,三特南喰赤－,六段,1440,0,2115,zekky,45.3,Primmie,-1.9,nipplina,-43.4,,
1位,17分,2024-12-06 23:21,三特南喰赤－,六段,1440,105,2115,Primmie,52.6,ろくよん,-4.9,小宮たずき,-47.7,,
1位,17分,2024-12-06 23:53,三特南喰赤－,六段,1545,105,2120,Primmie,57.0,てんそくGOGO,-5.8,落葉飛花,-51.2,,
1位,16分,2024-12-07 00:11,三特南喰赤－,六段,1650,105,2126,Primmie,53.3,鴨川の飛び石,12.7,エレベータライン,-66.0,,
1位,19分,2024-12-07 11:11,三特南喰赤－,六段,1755,105,2131,Primmie,38.1,まゆこまち,-1.6,@kiri,-36.5,,
2位,12分,2024-12-07 11:31,三特南喰赤－,六段,1860,0,2137,隠居,41.5,Primmie,6.3,誠治,-47.8,,
2位,16分,2024-12-07 11:44,三特南喰赤－,六段,1860,0,2136,ひめのひめを,56.4,Primmie,-5.5,英語勉強中,-50.9,,
2位,16分,2024-12-07 12:01,三特南喰赤－,六段,1860,0,2136,普魯斯特,44.1,Primmie,3.2,DSAMU,-47.3,,
1位,9分,2024-12-07 12:18,三特南喰赤－,六段,1860,105,2135,Primmie,58.4,Five-o,6.0,解説,-64.4,,
1位,9分,2024-12-07 17:43,三特南喰赤－,六段,1965,105,2141,Primmie,51.2,トリス10,2.4,ぼぼ,-53.6,,
2位,16分,2024-12-07 17:52,三特南喰赤－,六段,2070,0,2146,たんにゃおっ！,52.2,Primmie,-7.1,クライムバレエ,-45.1,,
2位,18分,2024-12-07 18:09,三特南喰赤－,六段,2070,0,2146,Mongeii,61.3,Primmie,-13.0,セブン!!,-48.3,,
3位,12分,2024-12-07 18:28,三特南喰赤－,六段,2070,-120,2145,たっつん2004,38.1,R.PT,-4.8,Primmie,-33.3,,
2位,17分,2024-12-07 18:40,三特南喰赤－,六段,1950,0,2139,ddqw,51.6,Primmie,-12.8,scottie0,-38.8,,
3位,10分,2024-12-07 21:38,三特南喰赤－,六段,1950,-120,2138,ブラチョス,38.0,千羽イエス,-5.5,Primmie,-32.5,,
1位,12分,2024-12-07 21:49,三特南喰赤－,六段,1830,105,2131,Primmie,40.3,メンヘラななこ,-2.2,あsdfg,-38.1,,
2位,13分,2024-12-07 22:02,三特南喰赤－,六段,1935,0,2137,ガジガジ,45.9,Primmie,-6.4,たろうあっと,-39.5,,
2位,17分,2024-12-07 22:15,三特南喰赤－,六段,1935,0,2136,chandai,48.3,Primmie,-3.4,neki,-44.9,,
1位,11分,2024-12-07 22:33,三特南喰赤－,六段,1935,105,2136,Primmie,56.9,やまぐち,-17.7,こいほー,-39.2,,
2位,10分,2024-12-08 13:47,三特南喰赤－,六段,2040,0,2141,はなすぎさき,50.5,Primmie,13.5,ひょうちゅう,-64.0,,
2位,14分,2024-12-08 13:57,三特南喰赤－,六段,2040,0,2141,たんやおドラ1,49.6,Primmie,2.5,mCPBA,-52.1,,
2位,8分,2024-12-08 14:12,三特南喰赤－,六段,2040,0,2140,Noel,56.5,Primmie,3.6,おまる＠八幡平,-60.1,,
3位,13分,2024-12-08 14:20,三特南喰赤－,六段,2040,-120,2140,sannren,50.6,（＾・ω・＾）,-4.9,Primmie,-45.7,,
3位,15分,2024-12-08 14:34,三特南喰赤－,六段,1920,-120,2133,ムコです,75.1,理想雀士X,-14.7,Primmie,-60.4,,
2位,13分,2024-12-08 14:48,三特南喰赤－,六段,1800,0,2127,鶏刺し,43.8,Primmie,2.4,咲舞,-46.2,,
1位,11分,2024-12-08 15:01,三特南喰赤－,六段,1800,105,2126,Primmie,46.6,toufu009,-4.4,llkjhh,-42.2,,
1位,18分,2024-12-08 15:13,三特南喰赤－,六段,1905,105,2131,Primmie,58.0,じぃぃま,4.6,R.PT,-62.6,,
3位,10分,2024-12-09 14:16,三特南喰赤－,六段,2010,-120,2137,shyguy,51.1,キンメダイ,-8.5,Primmie,-42.6,,
2位,12分,2024-12-09 14:27,三特南喰赤－,六段,1890,0,2130,きんたまに水,49.5,Primmie,-10.6,神田ゲシュタルト,-38.9,,
3位,12分,2024-12-09 14:39,三特南喰赤－,六段,1890,-120,2130,星仙,63.4,火遊び,-14.1,Primmie,-49.3,,
3位,11分,2024-12-09 14:52,三特南喰赤－,六段,1770,-120,2123,星仙,47.6,ノアさん,8.8,Primmie,-56.4,,
1位,16分,2024-12-09 15:04,三特南喰赤－,六段,1650,105,2117,Primmie,62.2,ごきげんりえた,-18.5,リュウオウ,-43.7,,
2位,8分,2024-12-09 20:27,三特南喰赤－,六段,1755,0,2122,すらいぬ,58.8,Primmie,-17.4,Oyasin,-41.4,,
2位,14分,2024-12-09 20:36,三特南喰赤－,六段,1755,0,2122,ひょうちゅう,46.7,Primmie,-1.2,ryo-15,-45.5,,
3位,11分,2024-12-09 20:50,三特南喰赤－,六段,1755,-120,2121,keirow7,49.8,ブラックスター,10.2,Primmie,-60.0,,
1位,9分,2024-12-09 21:02,三特南喰赤－,六段,1635,105,2115,Primmie,48.5,たぁろんV,-2.5,織節秋奈,-46.0,,
1位,16分,2024-12-09 21:11,三特南喰赤－,六段,1740,105,2121,Primmie,37.3,かずーーん,-8.5,にっしゃん2,-28.8,,
3位,10分,2024-12-09 21:27,三特南喰赤－,六段,1845,-120,2126,kingaki,60.5,ナンバの鬼,-8.6,Primmie,-51.9,,
1位,13分,2024-12-09 21:38,三特南喰赤－,六段,1725,105,2120,Primmie,42.1,びゅん,-0.8,ナンバの鬼,-41.3,,
2位,12分,2024-12-09 21:51,三特南喰赤－,六段,1830,0,2125,アークK零式,51.1,Primmie,-11.6,fumipapa,-39.5,,
3位,15分,2024-12-09 22:04,三特南喰赤－,六段,1830,-120,2125,ごとう,57.8,わこー,-12.0,Primmie,-45.8,,
2位,21分,2024-12-09 22:20,三特南喰赤－,六段,1710,0,2118,四条ミカサ,37.3,Primmie,-8.2,もんもんり,-29.1,,
1位,9分,2024-12-09 22:42,三特南喰赤－,六段,1710,105,2117,Primmie,64.8,坂崎,-2.1,おきあみ,-62.7,,
2位,16分,2024-12-10 13:33,三特南喰赤－,六段,1815,0,2123,JOINT,55.6,Primmie,-5.2,コジュニア,-50.4,,
3位,12分,2024-12-10 13:49,三特南喰赤－,六段,1815,-120,2123,オカリン,54.0,mCPBA,9.7,Primmie,-63.7,,
2位,21分,2024-12-10 14:02,三特南喰赤－,六段,1695,0,2116,しらたき春,60.6,Primmie,-9.9,血鬼術、バッケツ,-50.7,,
2位,12分,2024-12-10 21:21,三特南喰赤－,六段,1695,0,2116,ちなつ,57.7,Primmie,4.6,直進行軍,-62.3,,
3位,21分,2024-12-10 21:34,三特南喰赤－,六段,1695,-120,2116,砂吹きん,76.4,滅ぶぞ,-21.1,Primmie,-55.3,,
3位,18分,2024-12-10 21:56,三特南喰赤－,六段,1575,-120,2110,さぶろく,61.6,aiko1122,22.6,Primmie,-84.2,,
2位,18分,2024-12-10 22:10,三特南喰赤－,六段,1455,0,2103,はよおばさん,70.1,Primmie,-7.1,リボルビング,-63.0,,
2位,8分,2024-12-10 22:29,三特南喰赤－,六段,1455,0,2103,ちゃんぼう2,53.9,Primmie,-10.0,ジョセフィーヌ,-43.9,,
2位,7分,2024-12-10 22:38,三特南喰赤－,六段,1455,0,2102,釣具屋店員,75.4,Primmie,-10.6,ちゃんぼう2,-64.8,,
2位,19分,2024-12-10 22:45,三特南喰赤－,六段,1455,0,2102,馬杉,57.5,Primmie,9.2,世にも奇妙な物語,-66.7,,
1位,11分,2024-12-11 13:45,三特南喰赤－,六段,1455,105,2102,Primmie,53.6,リーのみウラウラ,-6.9,PONJIMA,-46.7,,
2位,13分,2024-12-11 13:57,三特南喰赤－,六段,1560,0,2107,瑞原明奈マジ無理,40.1,Primmie,-5.4,ババサンサンバ,-34.7,,
1位,18分,2024-12-11 14:10,三特南喰赤－,六段,1560,105,2107,Primmie,43.3,鶏刺し,5.5,Kooshogi,-48.8,,
1位,5分,2024-12-11 15:59,三特南喰赤－,六段,1665,105,2112,Primmie,66.2,nori-tk,-5.2,李微動,-61.0,,
1位,12分,2024-12-11 16:06,三特南喰赤－,六段,1770,105,2118,Primmie,36.8,強欲くん,-5.0,momisasu,-31.8,,
1位,8分,2024-12-11 16:18,三特南喰赤－,六段,1875,105,2123,Primmie,53.7,はいぼる★魂天H,-11.1,ぶこ,-42.6,,
2位,12分,2024-12-11 18:11,三特南喰赤－,六段,1980,0,2128,ぼった,60.0,Primmie,0.6,ZEGAPAIN,-60.6,,
2位,19分,2024-12-11 18:24,三特南喰赤－,六段,1980,0,2128,nicks,50.8,Primmie,10.1,polariz_,-60.9,,
3位,18分,2024-12-11 18:43,三特南喰赤－,六段,1980,-120,2128,oshin,53.9,TEDDY,-12.1,Primmie,-41.8,,
2位,12分,2024-12-11 19:01,三特南喰赤－,六段,1860,0,2121,家に帰ろう,46.0,Primmie,-9.3,zekky,-36.7,,
3位,4分,2024-12-11 19:14,三特南喰赤－,六段,1860,-120,2121,銀象,67.0,阪神タイガース１,2.9,Primmie,-69.9,,
2位,13分,2024-12-11 19:18,三特南喰赤－,六段,1740,0,2114,Silva,48.2,Primmie,-9.3,火遊び,-38.9,,
2位,20分,2024-12-11 19:32,三特南喰赤－,六段,1740,0,2114,お山の大将,57.1,Primmie,-14.8,flatina,-42.3,,
2位,17分,2024-12-11 22:35,三特南喰赤－,六段,1740,0,2113,ryo-15,85.6,Primmie,-31.5,:guest:,-54.1,,
2位,10分,2024-12-11 22:53,三特南喰赤－,六段,1740,0,2113,ムリヤラ,47.2,Primmie,-2.9,kou77777,-44.3,,
2位,10分,2024-12-11 23:04,三特南喰赤－,六段,1740,0,2112,Fly,40.4,Primmie,-9.0,Tori,-31.4,,
2位,15分,2024-12-12 11:03,三特南喰赤－,六段,1740,0,2112,11131620,41.7,Primmie,-3.7,pin1973,-38.0,,
2位,11分,2024-12-12 11:20,三特南喰赤－,六段,1740,0,2111,JOINT,42.7,Primmie,-5.1,ペレス会長,-37.6,,
2位,2分,2024-12-12 17:59,三特南喰赤－,六段,1740,0,2111,nenbutu,66.2,Primmie,-5.0,baiman,-61.2,,
1位,11分,2024-12-12 18:02,三特南喰赤－,六段,1740,105,2111,Primmie,41.7,nenbutu,-9.7,やんやんやんやん,-32.0,,
3位,13分,2024-12-12 18:13,三特南喰赤－,六段,1845,-120,2117,泡沫,35.0,らはやた,-1.3,Primmie,-33.7,,
3位,12分,2024-12-12 18:26,三特南喰赤－,六段,1725,-120,2111,強力粉の使い道,56.6,おむすび軍団,-11.3,Primmie,-45.3,,
2位,5分,2024-12-12 18:39,三特南喰赤－,六段,1605,0,2104,ivoyyy,82.0,Primmie,-20.2,ＣＡＭＡＲＯ６９,-61.8,,
3位,12分,2024-12-12 18:46,三特南喰赤－,六段,1605,-120,2103,ガジガジ,48.5,konayuki,1.1,Primmie,-49.6,,
1位,15分,2024-12-12 18:54,三特南喰赤－,六段,1485,105,2097,Primmie,48.3,Monica.,0.7,恵雀士,-49.0,,
3位,6分,2024-12-13 16:16,三特南喰赤－,六段,1590,-120,2102,何が要るんかいな,79.6,~~~~~~,-11.6,Primmie,-68.0,,
1位,16分,2024-12-13 16:23,三特南喰赤－,六段,1470,105,2095,Primmie,40.2,何が要るんかいな,-8.6,矢後＠雀サクッ,-31.6,,
3位,11分,2024-12-13 16:40,三特南喰赤－,六段,1575,-120,2101,大人,51.0,Qwerty,13.6,Primmie,-64.6,,
2位,10分,2024-12-13 16:52,三特南喰赤－,六段,1455,0,2095,seijidon,61.4,Primmie,-20.5,プボルダー,-40.9,,
1位,26分,2024-12-13 21:23,三特南喰赤－,六段,1455,105,2094,Primmie,42.5,アリシア,-8.8,gogook,-33.7,,
1位,11分,2024-12-13 21:50,三特南喰赤－,六段,1560,105,2100,Primmie,60.6,らはやた,-19.1,ちゃここ,-41.5,,
1位,7分,2024-12-14 12:59,三特南喰赤－,六段,1665,105,2106,Primmie,59.6,BUMP,2.8,わたなべふみや,-62.4,,
1位,8分,2024-12-14 13:06,三特南喰赤－,六段,1770,105,2111,Primmie,52.5,hart,1.0,ランバス先生,-53.5,,
1位,9分,2024-12-14 13:14,三特南喰赤－,六段,1875,105,2117,Primmie,56.9,コジュニア,21.8,ぼっちくん,-78.7,,
1位,8分,2024-12-14 15:16,三特南喰赤－,六段,1980,105,2123,Primmie,36.3,ぺちよさ,-6.7,田中スーザン,-29.6,,
1位,5分,2024-12-14 15:25,三特南喰赤－,六段,2085,105,2129,Primmie,78.6,真剣おおか,-15.2,ryo-15,-63.4,,
2位,18分,2024-12-15 20:38,三特南喰赤－,六段,2190,0,2135,TRレッド,62.6,Primmie,-5.5,Propane,-57.1,,
3位,17分,2024-12-15 20:57,三特南喰赤－,六段,2190,-120,2134,sho1000,56.0,はーとのエース改,-7.0,Primmie,-49.0,,
1位,10分,2024-12-15 21:14,三特南喰赤－,六段,2070,105,2127,Primmie,51.9,m.zubora,-6.2,ayapin,-45.7,,
1位,12分,2024-12-15 21:27,三特南喰赤－,六段,2175,105,2133,Primmie,67.5,あんけい,-7.7,Partagas,-59.8,,
2位,12分,2024-12-15 21:40,三特南喰赤－,六段,2280,0,2138,codino☆,47.0,Primmie,-6.5,etkytl,-40.5,,
2位,15分,2024-12-15 21:57,三特南喰赤－,六段,2280,0,2138,ぜろいち,36.6,Primmie,-3.7,nishiola,-32.9,,
1位,15分,2024-12-15 22:13,三特南喰赤－,六段,2280,105,2138,Primmie,48.5,楽天カードメン,-8.7,Mukita,-39.8,,
3位,17分,2024-12-15 22:29,三特南喰赤－,六段,2385,-120,2143,群青日和,49.8,リュウオウ,2.5,Primmie,-52.3,,
3位,13分,2024-12-15 22:47,三特南喰赤－,六段,2265,-120,2136,1番中近本光司,38.6,たけでん,-9.0,Primmie,-29.6,,
1位,14分,2024-12-15 23:00,三特南喰赤－,六段,2145,105,2130,Primmie,43.6,Marigold,2.0,東風荘D棟,-45.6,,
1位,16分,2024-12-16 10:02,三特南喰赤－,六段,2250,105,2135,Primmie,53.5,23101356,-1.9,5years,-51.6,,
2位,9分,2024-12-16 10:19,三特南喰赤－,六段,2355,0,2141,n-sho,39.3,Primmie,-6.4,チョコレート55,-32.9,,
1位,22分,2024-12-16 13:06,三特南喰赤－,六段,2355,105,2140,Primmie,50.1,白河雪菜,-8.0,514M,-42.1,,
