Title,URL,date
【PUBG】ふたりでDUOわっしょい【VTuber】,https://www.youtube.com/watch?v=a64LcXz406o,20181031
【PUBG】そろそろソロをしようと思う【Vtuber】,https://www.youtube.com/watch?v=G3qDhMJFdQE,20181101
初！３D配信☆メリクリですが引きこもりなので雑談する。,https://www.youtube.com/watch?v=zaabZEgJsPk,20181225
【PUBG】108killするまで終われない【Vtuber】,https://www.youtube.com/watch?v=5rsq31Xoir8,20181229
【PUBG】#VTuber最強決定戦【花芽すみれ視点】,https://www.youtube.com/watch?v=aWZJpaIJq8M,20190602
【PUBG】最強決定戦お疲れさまでした配信【Vtuber】,https://www.youtube.com/watch?v=Poi4d7-T_20,20190602
【PUBG】LVGカスタム開催ですﾊﾟﾝﾊﾟｶﾊﾟﾝ！🎉【Vtuber】,https://www.youtube.com/watch?v=WYXbfwTig50,20190603
【PUBG】がんがん行こうな（ソロ）【Vtuber】,https://www.youtube.com/watch?v=nwDowhokcDY,20190612
【Overwatch】突発コラボします～(´ρ`)【Vtuber】,https://www.youtube.com/watch?v=Jxa05vUplVc,20190618
【PUBG】叶くんとぴゆに行く【Vtuber】,https://www.youtube.com/watch?v=Vv8eorvINLk,20190618
【PUBG】おひさしぶり花芽姉妹だっぴ～【Vtuber】,https://www.youtube.com/watch?v=Z9q0-TOYn9A,20190624
【PUBG】3ドンするまでに寝たらだれか死ぬ【Vtuber】,https://www.youtube.com/watch?v=WnNvuvH3OcI,20190903
【イラスト】のんびり雑談でもしながら描くね【Vtuber】,https://www.youtube.com/watch?v=aC9MVo1A05c,20190904
【PUBG】悪いけど３０分で終わらせるドン勝企画【8.000人記念】,https://www.youtube.com/watch?v=itoOAbZ0fao,20190908
【PUBG】こちら初見、やる気だけは持ってきた。【Vtuber】,https://www.youtube.com/watch?v=MrFmbiDr8Mk,20190912
【PUBG】ノセとスミー,https://www.youtube.com/watch?v=qaYpPuM5fYs,20190924
【雑談】風エグい【VTuber】,https://www.youtube.com/watch?v=LJE6Mnj4Opg,20191012
【雑談】深夜の雑談部,https://www.youtube.com/watch?v=CDJehCLWhtk,20191019
【雑談】寝そうになったらPUBGする,https://www.youtube.com/watch?v=erbJIDbnnX8,20191022
【PUBG】体力の限界を感じる,https://www.youtube.com/watch?v=zIjU4nQlZx8,20191025
【Apex】めうくまと戦います,https://www.youtube.com/watch?v=LhLXAl90kzU,20191030
【PUBG】ヨミとスミで深夜のゲム,https://www.youtube.com/watch?v=ahj_06kDdYA,20191030
【雑談】少しだけお話。,https://www.youtube.com/watch?v=MjLiJ_eJMxg,20191104
【脱出ゲーム】サボテンよりIQが低いなんて言わせない【余裕】,https://www.youtube.com/watch?v=2r9N0Mj0Bj8,20191109
【PUBG】お久びさの花芽姉妹【わぁ】,https://www.youtube.com/watch?v=Gmc7bmiluNA,20191121
【PUBG】ルピナスdeスクアッド【わぁ】,https://www.youtube.com/watch?v=55sBZMabVI0,20191122
【Cuphead】ノセとスミでボコす【みょんみょん】,https://www.youtube.com/watch?v=c3eJDNKxN5E,20191130
【PUBG】アプできました！！！！！！！！！【VTuber】,https://www.youtube.com/watch?v=hbLnWs7XM2Y,20191220
【PUBG】4マップドン勝とるまで終われない☆ハッピーメリーｸﾙｼﾐﾏｽ！【耐久】,https://www.youtube.com/watch?v=0nb4OP8G32w,20191224
【PUBG】4マップドン勝とるまで終われない☆ハッピーメリークルシミマス！#2,https://www.youtube.com/watch?v=f-4AEGuySps,20191225
【雑談】メリクリ🌟🎄耐久お疲れ様でしたの会,https://www.youtube.com/watch?v=9B-WaA1eZfg,20191225
【PUBG】戦場へGO【VTuber】,https://www.youtube.com/watch?v=G2eONcJXFCo,20200107
【どすこい】,https://www.youtube.com/watch?v=kXLJY3V_qLA,20200116
【APEX】今日も元気な私たち【VTuber】,https://www.youtube.com/watch?v=62WiCzaiNNQ,20200123
【APEX】私たち、M字前髪【VTuber】,https://www.youtube.com/watch?v=LLi4pubO-ks,20200126
【緩】深夜だし静かにお絵描き,https://www.youtube.com/watch?v=tuwu-niu1F0,20200128
【Raft】ルピナスで漂流する#3【VTuber】,https://www.youtube.com/watch?v=zGQ0hNYiYOw,20200131
【APEX】シーズン４‼新マップへ行くM字#2【VTuber】,https://www.youtube.com/watch?v=4EPJG3RDfgk,20200205
【PUBG】弾当たるかな知らんけど,https://www.youtube.com/watch?v=J0rCJMB8na8,20200207
【PUBG】たくさん撃ちたい【VTuber】,https://www.youtube.com/watch?v=l1mjh0dw9NI,20200208
【APEX】平日の昼間に救済を【VTuber】,https://www.youtube.com/watch?v=h7MiKYWqBIE,20200210
【APEX】頑張る、見守ってくれ【VTuber】,https://www.youtube.com/watch?v=9xVyDaexcCk,20200210
【 #APEX 】平日の深夜に救済を【VTuber】,https://www.youtube.com/watch?v=t3y4_fR9kHo,20200212
【PUBG】バレンタインなのに戦場を駆け巡る🍫【VTuber】,https://www.youtube.com/watch?v=uD_DqSkKWX4,20200214
"【記念枠】登録者さん10,000人ありがとう【緩】",https://www.youtube.com/watch?v=zSkYnWXe7ZQ,20200215
【 #APEX 】姉妹でランク修行するのだ【VTuber】,https://www.youtube.com/watch?v=VKFI4BqVA9c,20200217
【PUBG】ドン勝が取れたら即寝ます【VTuber】,https://www.youtube.com/watch?v=L6rzrT2mCQI,20200219
【 APEX 】深夜のコソ練習【VTuber】,https://www.youtube.com/watch?v=woT5ukIWi9o,20200219
【 APEX 】ランクポイントよ溶けないで【VTuber】,https://www.youtube.com/watch?v=ihTvodKhHQo,20200220
【 APEX 】お友達とカジュアル回します【VTuber】,https://www.youtube.com/watch?v=dGkQBVQPWks,20200221
【 APEX 】イベントモードが来てるらしい【VTuber】,https://www.youtube.com/watch?v=UfNOjN_2-oo,20200222
【 APEX 】【VTuber】,https://www.youtube.com/watch?v=CQO70vv-xyA,20200225
【 APEX 】ウィングマン外す気がしない【VTuber】,https://www.youtube.com/watch?v=qYOAHWm86nY,20200226
【PUBG】姉妹でまったりと,https://www.youtube.com/watch?v=-sg2q4v4WDk,20200227
【PUBG】華金ですがゲームです【VTuber】,https://www.youtube.com/watch?v=kTLp0ujdXrk,20200228
【APEX】久々にソロペックス【VTuber】,https://www.youtube.com/watch?v=JwUj9D5JRzA,20200229
【PUBG】バナナを頂きました。,https://www.youtube.com/watch?v=JIivv84RJsg,20200303
【APEX】本日はのんびりします【VTuber】,https://www.youtube.com/watch?v=m6xt6-_Yu1U,20200305
【夜勤事件】新米アルバイターすみれ【VTuber】,https://www.youtube.com/watch?v=mBZvhdu0vho,20200306
【APEX】修行～ッ！！【VTuber】,https://www.youtube.com/watch?v=27mFE9U1AIE,20200307
【APEX】最近肩こりがヤバイ件【VTuber】,https://www.youtube.com/watch?v=glij7hTZml0,20200308
【APEX】キルポを啜りたい【VTuber】,https://www.youtube.com/watch?v=LYKENGFpJ6o,20200309
【APEX】ウィングマンの呼ぶ声がする【VTuber】,https://www.youtube.com/watch?v=6cqv4HGZnvY,20200311
【APEX】最近このゲームしかしてないので今日もする【VTuber】,https://www.youtube.com/watch?v=JbUgt-QW8pU,20200312
【PUBG】先輩の威厳、見せますか【LVG】,https://www.youtube.com/watch?v=ww_411aR3tQ,20200313
【APEX】かつもくせよ、これがダイヤや【VTuber】,https://www.youtube.com/watch?v=d5JGzGbkPn4,20200315
【Apex】フレンズとあぺ【Vtuber】,https://www.youtube.com/watch?v=CoeaT3yh9EI,20200316
【雑談】とてものんびりお絵描き【ゲリラ】,https://www.youtube.com/watch?v=OSwbqFChVXc,20200316
【 COD:warzone 】やっちゃおっか～【VTuber】,https://www.youtube.com/watch?v=3C9ylIMWHbs,20200318
【APEX】フレンズとあぺる【Vtuber】,https://www.youtube.com/watch?v=8wwM_SnI9to,20200319
【あつ森】#1 銭稼ぎのため、木を揺らす,https://www.youtube.com/watch?v=-FUBhE4u-K0,20200320
【あつ森】#2 実は何をしたらいいのかあまり分かっていない。,https://www.youtube.com/watch?v=83onI9AP8ZI,20200322
【 COD:warzone 】フルパ女子でGO【VTuber】,https://www.youtube.com/watch?v=bQUglQd4Qj4,20200323
【PUBG】ドン勝もチャンピョンも欲しいよね【APEX】,https://www.youtube.com/watch?v=db-uBFcwi7c,20200324
【APEX LEGENDS】ゲリラでゴリラ,https://www.youtube.com/watch?v=H_crTLGXqJo,20200325
【APEX LEGENDS】今日はなんか弾たる気がするよ【VTuber】,https://www.youtube.com/watch?v=mFN2kXQB01c,20200326
【APEX LEGENDS】うおおおおおおおお【VTuber】,https://www.youtube.com/watch?v=-dTCi6R7x9Q,20200327
【あつ森】#3 引きこもり、旅に出たい,https://www.youtube.com/watch?v=R8eMl4GD9K0,20200328
【APEX LEGENDS】ほげえぇええ～【VTuber】,https://www.youtube.com/watch?v=zie6hu_g-7g,20200331
【PUBG】姉妹でDUおするぞ～！,https://www.youtube.com/watch?v=SVLVeniCcas,20200404
【APEX LEGENDS】正午のソロ修行【VTuber】,https://www.youtube.com/watch?v=1moexXZIFck,20200407
【APEX LEGENDS】昼のソロ修行【VTuber】,https://www.youtube.com/watch?v=hZ7YRaPF_Ds,20200408
【Fortnite】がんばっていきたいと思います【初プレイ草】,https://www.youtube.com/watch?v=0zl0izo82cI,20200410
【APEX LEGENDS】昼のソロ修行ォ,https://www.youtube.com/watch?v=HjvQ5T1xEGo,20200411
【APEX】頑張ろうの会【VTuber】,https://www.youtube.com/watch?v=upcwwx6A_z0,20200412
【APEX】のんだら当たらん【VTuber】,https://www.youtube.com/watch?v=guvl2BF869I,20200414
【APEX LEGENDS】あぺっくすGG【VTuber】,https://www.youtube.com/watch?v=LidSFtlafK0,20200414
【PUBG】るぴなすの仲間達と,https://www.youtube.com/watch?v=hhwnEuO1UEU,20200415
【APEX LEGENDS】頑張る【VTuber】,https://www.youtube.com/watch?v=6eyc5QtNBcI,20200417
【OW】配信でおばうぉするの久々【マッチしろ】,https://www.youtube.com/watch?v=tQ-fcAh4N6g,20200418
【APEX】#VTuber疑似カスタム【VTuber】,https://www.youtube.com/watch?v=XhsRimIAVOg,20200420
【APEX】弾を撃ちます【VTuber】,https://www.youtube.com/watch?v=ch8T77BlDJc,20200426
【雑談】緩い,https://www.youtube.com/watch?v=QFbk8ireoE8,20200427
【APEX】KPKP【VTuber】,https://www.youtube.com/watch?v=40moO3hGmpE,20200429
【APEX】カジュでめちゃくちゃに撃ちたい【VTuber】,https://www.youtube.com/watch?v=b2KADtKI1_o,20200502
【APEX】沼るも沼らぬもぽれ次第【ソロランク】,https://www.youtube.com/watch?v=bm4wiNI4bzQ,20200504
【APEX】沼るも沼らぬもぽれ次第#2【ソロランク】,https://www.youtube.com/watch?v=kpJ-SZjWpbc,20200504
WWWWWWWWWW,https://www.youtube.com/watch?v=sK8KWrIRycs,20200504
【APEX】沼るも沼らぬもぽれ次第#3【ソロランク】,https://www.youtube.com/watch?v=gKqfKm9JgT0,20200505
【APEX】ソロランクの闇に呑まれる（プラチナ帯）【VTuber】,https://www.youtube.com/watch?v=s4iNGtclESs,20200506
【PUBG】打败许多敌人【VTuber】,https://www.youtube.com/watch?v=BwA2A4jkAz0,20200506
【APEX】おはようソロランク（プラチナ帯）【VTuber】,https://www.youtube.com/watch?v=ys5ULxt4ZT4,20200508
【大富豪】負けられない女の闘い【花芽すみれ/LVG】,https://www.youtube.com/watch?v=UbAgyIuDx-U,20200508
【APEX】朝からランク（プラチナ帯）【VTuber】,https://www.youtube.com/watch?v=KkU7y9BGm4A,20200509
【APEX】カジュ回しやるわょ～！！！【VTuber】,https://www.youtube.com/watch?v=SRn6hAv0yKQ,20200509
【APEX】ダイヤモンドの女になりたい（プラチナ帯）【ランク】,https://www.youtube.com/watch?v=L_X0mNzcwvc,20200511
【APEX】ちりつもなプラチナ（ソロランク）【花芽すみれ/LVG】,https://www.youtube.com/watch?v=wyAFB2FG3vk,20200511
【APEX】ガチャ引く＋GGの女たちであぺり【花芽すみれ/LVG】,https://www.youtube.com/watch?v=5lsv2FulVk0,20200511
【APEX】新シーズンきちゃ！ランク行きます…！【花芽すみれ/LVG】,https://www.youtube.com/watch?v=lxjVRx1JzzE,20200513
【APEX】なずなさんと一ノ瀬さんとランク【花芽すみれ/LVG】,https://www.youtube.com/watch?v=BbLrIvsxCm4,20200514
【APEX】ららららんく【花芽すみれ/LVG】,https://www.youtube.com/watch?v=oN1UQV2hLyU,20200515
【GTA5】ギャングる【LVG / 花芽すみれ】,https://www.youtube.com/watch?v=nsXSIAPrOOU,20200515
【DBD】みんなでカスタムマッチわょ【LVG / 花芽すみれ】,https://www.youtube.com/watch?v=a0eLHTFU11w,20200516
【APEX】魔境のプラチナ帯【LVG / 花芽すみれ】,https://www.youtube.com/watch?v=TIsp1j0X3sU,20200518
【APEX】息抜きにカジュでも【LVG / 花芽すみれ】,https://www.youtube.com/watch?v=jY1_QsabjXk,20200519
【APEX】魔境のプラチナ帯withフレンズ【LVG / 花芽すみれ】,https://www.youtube.com/watch?v=DvHE8L9Tdco,20200520
【APEX/Vtuber】GGでランク回すよ【LVG / 花芽すみれ】,https://www.youtube.com/watch?v=DKHYd2oKGSY,20200521
【APEX】息抜きのカジュ（ねむい）【LVG / 花芽すみれ】,https://www.youtube.com/watch?v=FBgpSnPBxbs,20200521
【PUBG】ランクマッチ実装されたみたいですね…！【LVG / 花芽すみれ】,https://www.youtube.com/watch?v=A6E7ve6eKVs,20200522
【PUBG耐久】全マップドン勝しないと終わらんらしい…【LVG / 花芽すみれ】,https://www.youtube.com/watch?v=ycN00m0N_vY,20200523
【APEX】マスティフとの和解【LVG / 花芽すみれ】,https://www.youtube.com/watch?v=0vHOK33_sC4,20200523
【APEX】ダイヤの女、今日もソロランク【LVG / 花芽すみれ】,https://www.youtube.com/watch?v=kZLxu_WwmhQ,20200525
【APEX】わーるどえっじいおかえり～～！（素振り）【LVG / 花芽すみれ】,https://www.youtube.com/watch?v=_1nOCplJafk,20200526
【APEX】は～あ、ソロランクの女（ダイヤ）【LVG / 花芽すみれ】,https://www.youtube.com/watch?v=jKzKAjNqikA,20200528
【Raft】作業サボるなって言われた【LVG / 花芽すみれ】,https://www.youtube.com/watch?v=Kyi2GkeXudg,20200529
【APEX】ダイヤ４の魔境（ソロランク）【LVG / 花芽すみれ】,https://www.youtube.com/watch?v=exfBTwE4pG0,20200530
【APEX】まったりカジュえっじ【LVG / 花芽すみれ】,https://www.youtube.com/watch?v=l_ASbW67kyU,20200531
【VALORANT】新作FPSに出会う【LVG / 花芽すみれ】,https://www.youtube.com/watch?v=U7cPusWTE3M,20200602
【VALORANT】姉妹で朝ヴァロ活～！【LVG / 花芽すみれ】,https://www.youtube.com/watch?v=AUCeJ-qrGps,20200603
【VALORANT】フルパ女子でいく～！【LVG / 花芽すみれ】,https://www.youtube.com/watch?v=_eGZvRybyHg,20200603
【APEX】朝活ソロランクの旅（ダイヤⅢ）【LVG / 花芽すみれ】,https://www.youtube.com/watch?v=ov3le5B5EOw,20200606
ひさびさにのんびり話そ,https://www.youtube.com/watch?v=IYbpn4mT8uM,20200606
【APEX】カジュアルぶん回す！！【LVG / 花芽すみれ】,https://www.youtube.com/watch?v=-N-Jbpb-rTs,20200607
【APEX】カジュ/ランク回すよ！【LVG / 花芽すみれ】,https://www.youtube.com/watch?v=djbOE1NRcxc,20200609
【APEX】懐かしの私たちGG【LVG / 花芽すみれ】,https://www.youtube.com/watch?v=5NpMPNyTdKQ,20200610
【VALORANT】ハービンジャーすみれ【LVG / 花芽すみれ】,https://www.youtube.com/watch?v=ixmqO8YqZmU,20200611
【PUBG】感覚を忘れたこのゲーム【LVG / 花芽すみれ】,https://www.youtube.com/watch?v=rPGFxeIR5m8,20200612
【APEX】ティフマス使いおれ【LVG / 花芽すみれ】,https://www.youtube.com/watch?v=pD3zWpHT3uY,20200613
【行方不明】これ怖くないんスよね~＾＾；【LVG / 花芽すみれ】,https://www.youtube.com/watch?v=JFLG7Pe5zX0,20200613
【APEX】いっぱいキルしたいカジュのぶん回し【LVG / 花芽すみれ】,https://www.youtube.com/watch?v=OPvZNvJ9MXI,20200615
【PUBG】あの頃を思い出して【LVG / 花芽すみれ】,https://www.youtube.com/watch?v=v-YdTDailPY,20200617
【APEX】姫と王子と地元のヤンキー（笑）【LVG / 花芽すみれ】,https://www.youtube.com/watch?v=7n4AEeSWyDA,20200618
【VALORANT】ハービンジャーすみれ #2【LVG / 花芽すみれ】,https://www.youtube.com/watch?v=oicONZShi9o,20200618
【Ultimate Chicken Horse】みんなでワチャる【LVG / 花芽すみれ】,https://www.youtube.com/watch?v=7VyEGheYxao,20200619
【APEX】やることありすぎて一周回ってAPEX【LVG / 花芽すみれ】,https://www.youtube.com/watch?v=LoH20t5ZXCM,20200621
【APEX】つっよいハンマーが欲しいよね～！！！【LVG / 花芽すみれ】,https://www.youtube.com/watch?v=B8aZTA0Zi9U,20200622
【APEX】新アプデきちゃ～～～～～！！！【LVG / 花芽すみれ】,https://www.youtube.com/watch?v=Rcd23le8bq4,20200624
【APEX】大天使と孤高のヤンキーを連れてきました【LVG / 花芽すみれ】,https://www.youtube.com/watch?v=zKGdwR97Ep4,20200624
【APEX】ソロ修行カービン丸【LVG / 花芽すみれ】,https://www.youtube.com/watch?v=R9-IBUsTZDg,20200625
【APEX】ソロ修行マスティフ侍【LVG / 花芽すみれ】,https://www.youtube.com/watch?v=wx_qtg2cexk,20200629
【APEX】ﾖｲｼｮ～【LVG / 花芽すみれ】,https://www.youtube.com/watch?v=eUazCXzoDYg,20200630
【APEX】新シーズンのランクですこんにちは！【LVG / 花芽すみれ】,https://www.youtube.com/watch?v=9gXBJ1stAbc,20200701
【VALORANT】ハービンジャーすみれ#3【LVG / 花芽すみれ】,https://www.youtube.com/watch?v=4RkmS9FJ4VQ,20200703
【APEX】あんこちゃんを連れてきました！！！【LVG / 花芽すみれ】,https://www.youtube.com/watch?v=BRBakxp-EZU,20200704
【APEX】久々にソロランクやるわょ【LVG / 花芽すみれ】,https://www.youtube.com/watch?v=-NPtZfZFHR8,20200705
【PUBG】姉妹で朝活🍣👾💤【LVG / 花芽すみれ】,https://www.youtube.com/watch?v=OoSTmq8TKF8,20200706
【APEX】マジで強い人達とカジュアル行く【LVG / 花芽すみれ】,https://www.youtube.com/watch?v=oj3Tb9lJwgc,20200706
【APEX】織姫と彦星に会ってくる【LVG / 花芽すみれ】,https://www.youtube.com/watch?v=vDbGacABz5I,20200707
【APEX】ソロランク修行プラチナの巻【LVG / 花芽すみれ】,https://www.youtube.com/watch?v=IJ2GYID21nI,20200709
【APEX】深夜にこっそりプラチナ人【LVG / 花芽すみれ】,https://www.youtube.com/watch?v=FkhivbUJ3_A,20200710
【２万人記念】みんないつもthank you🥳‼【LVG / 花芽すみれ】,https://www.youtube.com/watch?v=EN-R4N7zMrM,20200712
【APEX】ねむすンぎ【LVG / 花芽すみれ】,https://www.youtube.com/watch?v=Vrj0hsYoeGQ,20200714
【APEX】ランク行ったりカジュったり【LVG / 花芽すみれ】,https://www.youtube.com/watch?v=UFJlQQ6kwXo,20200714
【PUBG】やるたびに久々のゲーム【LVG / 花芽すみれ】,https://www.youtube.com/watch?v=Ncl73URzmJ0,20200715
【VALORANT】ハービンジャーすみれ #4【LVG / 花芽すみれ】,https://www.youtube.com/watch?v=9QAVNm_POq8,20200717
【APEX】わたしは昨日６００pt溶かした女です【LVG / 花芽すみれ】,https://www.youtube.com/watch?v=K6qfZi_2beU,20200718
【APEX】行ッッッくぞ～～～～【LVG / 花芽すみれ】,https://www.youtube.com/watch?v=rHfffXpMplM,20200719
わわわ,https://www.youtube.com/watch?v=uQj6F4EsNjA,20200721
【APEX】一ノ瀬ときゅぴでカジュり！【LVG / 花芽すみれ】,https://www.youtube.com/watch?v=T1qSc-5k5gM,20200722
【APEX】うあああああ後輩がデキました【LVG / 花芽すみれ】,https://www.youtube.com/watch?v=cplTl-J1jbo,20200723
【APEX】大会がｱﾁﾁすぎる【LVG / 花芽すみれ】,https://www.youtube.com/watch?v=cT0WawLSfAA,20200724
【APEX】solo rank dia...【LVG / 花芽すみれ】,https://www.youtube.com/watch?v=2MLkjSao7ww,20200725
【APEX】solo rank dia💎【LVG / 花芽すみれ】,https://www.youtube.com/watch?v=i4MAGut-QBI,20200726
【APEX】最協決定戦ティム練【LVG / 花芽すみれ】,https://www.youtube.com/watch?v=Gu0Ld09OTSU,20200727
【APEX】最協決定戦ティム練 #2【LVG / 花芽すみれ】,https://www.youtube.com/watch?v=sLvy6jE6fn4,20200728
夜,https://www.youtube.com/watch?v=JCf9lHVAP58,20200730
【APEX】withあどみんさんカワセさん【LVG / 花芽すみれ】,https://www.youtube.com/watch?v=XMOz6b_bbYg,20200810
【APEX】俺たちぶるーあいず【LVG / 花芽すみれ】,https://www.youtube.com/watch?v=1WmLheCdzjQ,20200812
【APEX】静かに【LVG / 花芽すみれ】,https://www.youtube.com/watch?v=Ao2R3xXIGXo,20200813
【APEX】非常にのんびりプレイ【LVG / 花芽すみれ】,https://www.youtube.com/watch?v=4c36n0g-JMI,20200814
【APEX】らんちゃとえいむくんと【LVG / 花芽すみれ】,https://www.youtube.com/watch?v=N4sbDnFe62Q,20200814
【雪山人狼】呼吸のように嘘を吐け【LVG / 花芽すみれ】,https://www.youtube.com/watch?v=qNiPI1MEj04,20200818
【VALORANT】ハービンジャーすみれ #6【LVG / 花芽すみれ】,https://www.youtube.com/watch?v=IykhgQKDzxs,20200825
のあすみホラー映画鑑賞会（コワイ）,https://www.youtube.com/watch?v=B3UflWiNrSI,20200831
【PUBG】 5億年ぶりに起動する【LVG / 花芽すみれ】,https://www.youtube.com/watch?v=GcMVmgO2nSQ,20200906
【APEX】おいす～～！！！！【LVG / 花芽すみれ】,https://www.youtube.com/watch?v=PyEyS9gxr-I,20200919
the stanley parable#1【LVG / 花芽すみれ】,https://www.youtube.com/watch?v=apVzc0GQX9g,20200921
ご飯食べながら駄弁り,https://www.youtube.com/watch?v=wWr873oIlfM,20200925
【APEX】アプデきたやるよ～【LVG / 花芽すみれ】,https://www.youtube.com/watch?v=ekSRIgeEn0w,20201007
秒でお話し,https://www.youtube.com/watch?v=7Kp914e_prg,20201008
【APEX】 やっぱり私らGGがチャンピョン【LVG / 花芽すみれ】,https://www.youtube.com/watch?v=AhADEDbKPvU,20201015
【Among Us】すみれ選手による宇宙人狼 #２【LVG / 花芽すみれ】,https://www.youtube.com/watch?v=nWeRacq7Lg4,20201022
【APEX】 ダイヤ目指そ～【LVG / 花芽すみれ】,https://www.youtube.com/watch?v=8Rx_bz-5le8,20201112
また～り,https://www.youtube.com/watch?v=P3g7P5dWJpU,20201113
a,https://www.youtube.com/watch?v=PNAg95J0mRs,20201120
【The Watchers】 うるすみ兄弟の脱出～絆～【LVG / 花芽すみれ】,https://www.youtube.com/watch?v=CcLxX6lxevk,20201125
🔴APEX｜ひさびさ 【LVG / 花芽すみれ】,https://www.youtube.com/watch?v=CSvhw8hqU1A,20201127
🔴APEX｜はじめましてすみオです 【LVG / 花芽すみれ】,https://www.youtube.com/watch?v=67_11qUzdD4,20201127
🔴MINECRAFT｜まったり雑談しながら【LVG / 花芽すみれ】,https://www.youtube.com/watch?v=nD7Uce1RbUs,20201201
🔴APEX｜おやすみグッドナイト 【ぶいすぽ / 花芽すみれ】,https://www.youtube.com/watch?v=Sk1LHlG11wI,20201206
【桃太郎電鉄】プレイ時間0分のにわか警察【ぶいすぽ/花芽すみれ】,https://www.youtube.com/watch?v=MDoQKAGpO7M,20201211
APEX｜ソロ練習【ぶいすぽ / 花芽すみれ】,https://www.youtube.com/watch?v=55qkCJ3iuTw,20201212
APEX | CRcupれんしう【ぶいすぽ/花芽すみれ】,https://www.youtube.com/watch?v=xeptc9UkgSM,20201220
＃02【The Watchers】 走る【ぶいすぽ / 花芽すみれ】,https://www.youtube.com/watch?v=3WrxBUSqL4g,20201224
メリクリ🌟🎄,https://www.youtube.com/watch?v=9v860oVtlEc,20201224
APEX｜Xmas🎄カスタム【ぶいすぽ / 花芽すみれ】,https://www.youtube.com/watch?v=fNJa3C7ZlTs,20201225
APEX｜後輩とまたーりやるでよ【ぶいすぽ / 花芽すみれ】,https://www.youtube.com/watch?v=gMNm_pVWq-U,20201229
2020年最後の配信 今年もありがと～,https://www.youtube.com/watch?v=qxkfSWwDaRs,20201231
【APEX】予定は未定【ぶいすぽ/花芽すみれ】,https://www.youtube.com/watch?v=4soMjdQRvS4,20210103
【APEX】大会練習 エリートスミラルタルis me【ぶいすぽ/花芽すみれ】,https://www.youtube.com/watch?v=_mWk5UcpTRQ,20210108
【APEX】#とーますGO カスタム行くでやぁ～ 【花芽すみれ/夏色まつり/常闇トワ】,https://www.youtube.com/watch?v=PxK5mpYn78A,20210119
【APEX】最終日らしい… （じゃなかった）#TMSWIN【花芽すみれ/夏色まつり/常闇トワ】,https://www.youtube.com/watch?v=GAsD3k0iLOg,20210122
【PAYDAY2】GYOEEE~【ぶいすぽ / 花芽すみれ】,https://www.youtube.com/watch?v=aKK_4erhAjM,20210127
【APEX】めんげん【ぶいすぽ / 花芽すみれ】,https://www.youtube.com/watch?v=wJXvq9gFj68,20210201
【VALORANT】トロール準備、よし #ぶいすぽ紅白 【ぶいすぽ / 花芽すみれ】,https://www.youtube.com/watch?v=uK8VhEZKqqU,20210206
【Apex Legends】よいしょ～ダイヤランク💎,https://www.youtube.com/watch?v=5P5DZV4lP7c,20210223
一瞬の雑,https://www.youtube.com/watch?v=zcELrPWVY9U,20210224
:D,https://www.youtube.com/watch?v=9xVST7Tqx7Q,20210225
yo~,https://www.youtube.com/watch?v=BRTSoh5k9-k,20210301
【Among Us】ゲリラマング 【LVG / 花芽すみれ】,https://www.youtube.com/watch?v=XBclNORGB0o,20210302
【Apex Legends】rank~~ w / ボドカ ありえる,https://www.youtube.com/watch?v=vAoqC_ANZbc,20210305
【APEX】参加型で遊ぶドン【ぶいすぽ / 花芽すみれ】,https://www.youtube.com/watch?v=IfFU-wDSVho,20210326
参加型,https://www.youtube.com/watch?v=Gvoaaks3Xzg,20210328
【APEX】mata~ri rank go w/ akito dexyuku,https://www.youtube.com/watch?v=TXDq1v3k_yA,20210401
【フォートナイト】階段おけます【ぶいすぽ / 花芽すみれ】,https://www.youtube.com/watch?v=dJGl1qPu7Lo,20210409
パイの実一袋食べた,https://www.youtube.com/watch?v=bMqP5yyAZ58,20210414
"【OW】""ガチヒール""/ 身内紅白戦【ぶいすぽ / 花芽すみれ】",https://www.youtube.com/watch?v=-Mnb5IX7q0k,20210416
【APEX】さくらさんとVCCカスタム【ぶいすぽ / 花芽すみれ】,https://www.youtube.com/watch?v=IG2glQZbyYE,20210416
麺をすする雑談,https://www.youtube.com/watch?v=8ntTislg0JY,20210423
【VALORANT】DUOするヴぁロよ～【ぶいすぽ / 花芽すみれ】,https://www.youtube.com/watch?v=V8rv3LNNPlk,20210427
配信テスト×,https://www.youtube.com/watch?v=PsjVUuvA_8Y,20210518
【APEX】椅子がないので立ちます,https://www.youtube.com/watch?v=pP8oj_HClMg,20210519
【APEX】公園の子供は5時のサイレンで帰宅した【花芽すみれ】,https://www.youtube.com/watch?v=TiaV5y_ZX6s,20210523
【Overwatch】突発コラボ #女子会OW部【ぶいすぽ / 花芽すみれ】,https://www.youtube.com/watch?v=ImwJTAtuG3o,20210525
【VALORANT】GO~GO~【ぶいすぽ / 花芽すみれ】,https://www.youtube.com/watch?v=r5Y1e0bBHqQ,20210603
【Among Us】ひさびさ【ぶいすぽ / 花芽すみれ】,https://www.youtube.com/watch?v=UKqSMM7c9XA,20210609
【APEX】のんびりプラチナランク【ぶいすぽ / 花芽すみれ】,https://www.youtube.com/watch?v=a02XdLbqI0w,20210622
生存,https://www.youtube.com/watch?v=pTSEj3tNkrw,20210719
【Minecraft】ねむたいけどゲームしたいそんな気分【ぶいすぽ / 花芽すみれ】,https://www.youtube.com/watch?v=45g6ZuqlCzE,20210801
あぺ鯖終わってたのでVALORANT【ぶいすぽ / 花芽すみれ】,https://www.youtube.com/watch?v=vymPADGYkIE,20210915
花芽すみれ,https://www.youtube.com/watch?v=LPgU-tZEquE,20211017
運営さんと,https://www.youtube.com/watch?v=NhH3t0QviM8,20211030
【AmongUs】お疲れ様でした まったり2次会あもあす【 ぶいすぽ / 花芽すみれ】,https://www.youtube.com/watch?v=fT7hDk6vICw,20211113
IQ3チーム練習 w/ドンピシャさん ゆふなさん,https://www.youtube.com/watch?v=axC3OoOGxQ8,20220112
【初めて】苦手なお歌ですが見守ってください(；；)【 ぶいすぽ / 花芽すみれ】,https://www.youtube.com/watch?v=oAzDkwK7n4E,20220123
a,https://www.youtube.com/watch?v=4HKGZzQZw2o,20220131
【Apex Legends】えぺまつりカスタモ w/ 伊織もえ やふへゐ先生 【 ぶいすぽ / 花芽すみれ】,https://www.youtube.com/watch?v=WQBbQHLB4R4,20220215
ついっちスタンプを考える会,https://www.youtube.com/watch?v=4azmdJn0mHk,20220224
よ～【 ぶいすぽ / 花芽すみれ】,https://www.youtube.com/watch?v=wFP3ZK1fHdM,20220322
すまほ,https://www.youtube.com/watch?v=5of0evXbvPI,20220415
てすてす,https://www.youtube.com/watch?v=wGB-Ec1oFvs,20220429
APEX | 久々に少々【 ぶいすぽ / 花芽すみれ】,https://www.youtube.com/watch?v=24dabPymZ1U,20220612
おはなししよ！お名前呼ぶよ,https://www.youtube.com/watch?v=K4TstkWy5hI,20220722