Title,URL,NextPageToken
【夏休み限定！同時視聴】はじめて見る👀魔法少女まどか☆マギカ【ぶいすぽっ！胡桃のあ】,https://www.youtube.com/watch?v=W-61vtykiLo,2024-08-02T10:12:11Z
【APEX】we!we!we!フルパw/ちきさん、VOLさん【ぶいすぽっ！胡桃のあ】,https://www.youtube.com/watch?v=rmsL_oMsEqA,2024-06-11T17:35:05Z
【APEX】ブロークンムーン…ですか…【ぶいすぽっ！胡桃のあ】,https://www.youtube.com/watch?v=FnINai-S-p4,2024-06-10T16:20:42Z
【APEX】らんくわあるずえっじ【ぶいすぽっ！胡桃のあ】,https://www.youtube.com/watch?v=v7tKPuRvPzA,2024-05-27T14:57:53Z
【APEX】新キャラ触ってみたい！【ぶいすぽっ！胡桃のあ】,https://www.youtube.com/watch?v=20guZhSClv0,2024-05-13T16:20:42Z
【VALORANT】ふるぱ！🌙メンバーは概要欄！【ぶいすぽっ！胡桃のあ】,https://www.youtube.com/watch?v=bBB2pF-OTnY,2024-04-16T20:05:50Z
【content warning】🔴音量注意 しのめであそびます【ぶいすぽっ！胡桃のあ】,https://www.youtube.com/watch?v=cY5TZKs_Xxk,2024-04-08T11:47:08Z
MHW/モンハンワールド🦕│#4 初見！🔰双剣でいっぱい倒ス。│胡桃のあ,https://www.youtube.com/watch?v=8iiDsxZq24Y,2024-04-02T10:08:42Z
League of Legends│🔰しゃるる先生に教わるろる！ジャングル編,https://www.youtube.com/watch?v=aPajoNoC0YU,2024-01-18T17:40:25Z
VALORANT│#ぶいすぽ芋チャレ 本日も応援よろしくお願いします。,https://www.youtube.com/watch?v=9MZGIVyghgE,2024-01-17T12:09:36Z
VALORANT│#V最協A1 のために練習→フルパ メンバー概要欄,https://www.youtube.com/watch?v=NYAEcSp9Xr4,2023-11-09T16:07:08Z
【VALORANT】やるかやられるか、俺か俺以外かってこと #shorts,https://www.youtube.com/watch?v=KvMGgVSI_gw,2023-05-10T07:00:08Z
RUST🌬めーぷるなっつばにーで行く！はじめてのRUST。,https://www.youtube.com/watch?v=rQvpllUNoPk,2023-04-19T21:30:55Z
オーバーウォッチ２👤「なにやってんだボブ！！」,https://www.youtube.com/watch?v=k5TzYwTDh6k,2022-10-23T07:30:06Z
【Apex Legends】ヘンディーとのDUO!!あざといシーンまとめ…❓ #Shorts,https://www.youtube.com/watch?v=sKAnWfAHnYU,2022-10-10T07:30:05Z
ApexLegends│こそこそれんれん ぽぽぽとづお,https://www.youtube.com/watch?v=d74TcPSCmTY,2022-06-01T08:00:29Z
ぶいすぽっ！春の二番勝負！Presented by GALLERIA #ぽめらびっつ 視点,https://www.youtube.com/watch?v=SE71T3XjEL0,2022-05-03T13:01:09Z
ApexLegends│🔸ダイヤ４　ランクに行きます,https://www.youtube.com/watch?v=0LcLiTC6SE4,2022-04-22T12:10:54Z
【こっどふぇす外伝】🔰：トロール部隊で参加させていただくッ！【ぶいすぽ/胡桃のあ​】,https://www.youtube.com/watch?v=-QstxDTA3tA,2022-01-22T14:17:41Z
【OverWatch】ドキッ❕女だらけのオーバーウォッチ【ぶいすぽ/胡桃のあ​】,https://www.youtube.com/watch?v=FvzPF-eruPA,2021-04-29T14:37:45Z
Free Chat,https://www.youtube.com/watch?v=bx1-cTN0Zas,2020-06-23T15:45:01Z
【夏休み限定！同時視聴】はじめて見る👀魔法少女まどか☆マギカ【ぶいすぽっ！胡桃のあ】,https://www.youtube.com/watch?v=W-61vtykiLo,2024-08-02T10:12:11Z
【APEX】we!we!we!フルパw/ちきさん、VOLさん【ぶいすぽっ！胡桃のあ】,https://www.youtube.com/watch?v=rmsL_oMsEqA,2024-06-11T17:35:05Z
【APEX】ブロークンムーン…ですか…【ぶいすぽっ！胡桃のあ】,https://www.youtube.com/watch?v=FnINai-S-p4,2024-06-10T16:20:42Z
【APEX】らんくわあるずえっじ【ぶいすぽっ！胡桃のあ】,https://www.youtube.com/watch?v=v7tKPuRvPzA,2024-05-27T14:57:53Z
【APEX】新キャラ触ってみたい！【ぶいすぽっ！胡桃のあ】,https://www.youtube.com/watch?v=20guZhSClv0,2024-05-13T16:20:42Z
【VALORANT】ふるぱ！🌙メンバーは概要欄！【ぶいすぽっ！胡桃のあ】,https://www.youtube.com/watch?v=bBB2pF-OTnY,2024-04-16T20:05:50Z
【content warning】🔴音量注意 しのめであそびます【ぶいすぽっ！胡桃のあ】,https://www.youtube.com/watch?v=cY5TZKs_Xxk,2024-04-08T11:47:08Z
MHW/モンハンワールド🦕│#4 初見！🔰双剣でいっぱい倒ス。│胡桃のあ,https://www.youtube.com/watch?v=8iiDsxZq24Y,2024-04-02T10:08:42Z
League of Legends│🔰しゃるる先生に教わるろる！ジャングル編,https://www.youtube.com/watch?v=aPajoNoC0YU,2024-01-18T17:40:25Z
VALORANT│#ぶいすぽ芋チャレ 本日も応援よろしくお願いします。,https://www.youtube.com/watch?v=9MZGIVyghgE,2024-01-17T12:09:36Z
VALORANT│#V最協A1 のために練習→フルパ メンバー概要欄,https://www.youtube.com/watch?v=NYAEcSp9Xr4,2023-11-09T16:07:08Z
【VALORANT】やるかやられるか、俺か俺以外かってこと #shorts,https://www.youtube.com/watch?v=KvMGgVSI_gw,2023-05-10T07:00:08Z
RUST🌬めーぷるなっつばにーで行く！はじめてのRUST。,https://www.youtube.com/watch?v=rQvpllUNoPk,2023-04-19T21:30:55Z
オーバーウォッチ２👤「なにやってんだボブ！！」,https://www.youtube.com/watch?v=k5TzYwTDh6k,2022-10-23T07:30:06Z
【Apex Legends】ヘンディーとのDUO!!あざといシーンまとめ…❓ #Shorts,https://www.youtube.com/watch?v=sKAnWfAHnYU,2022-10-10T07:30:05Z
ApexLegends│こそこそれんれん ぽぽぽとづお,https://www.youtube.com/watch?v=d74TcPSCmTY,2022-06-01T08:00:29Z
ぶいすぽっ！春の二番勝負！Presented by GALLERIA #ぽめらびっつ 視点,https://www.youtube.com/watch?v=SE71T3XjEL0,2022-05-03T13:01:09Z
ApexLegends│🔸ダイヤ４　ランクに行きます,https://www.youtube.com/watch?v=0LcLiTC6SE4,2022-04-22T12:10:54Z
【こっどふぇす外伝】🔰：トロール部隊で参加させていただくッ！【ぶいすぽ/胡桃のあ​】,https://www.youtube.com/watch?v=-QstxDTA3tA,2022-01-22T14:17:41Z
【OverWatch】ドキッ❕女だらけのオーバーウォッチ【ぶいすぽ/胡桃のあ​】,https://www.youtube.com/watch?v=FvzPF-eruPA,2021-04-29T14:37:45Z
Free Chat,https://www.youtube.com/watch?v=bx1-cTN0Zas,2020-06-23T15:45:01Z
